{
  "backlink:open-backlinks": [
    {
      "modifiers": [
        "Alt"
      ],
      "key": "L"
    }
  ],
  "graph:open-local": [
    {
      "modifiers": [
        "Mod"
      ],
      "key": "Q"
    }
  ],
  "daily-notes": [
    {
      "modifiers": [
        "Mod"
      ],
      "key": "R"
    }
  ],
  "app:go-back": [
    {
      "modifiers": [
        "Alt"
      ],
      "key": "ArrowLeft"
    }
  ],
  "editor:focus-right": [
    {
      "modifiers": [
        "Shift"
      ],
      "key": "ArrowRight"
    }
  ],
  "editor:focus-left": [
    {
      "modifiers": [
        "Shift"
      ],
      "key": "ArrowLeft"
    }
  ],
  "editor:focus-top": [
    {
      "modifiers": [
        "Shift"
      ],
      "key": "ArrowUp"
    }
  ],
  "editor:focus-bottom": [
    {
      "modifiers": [
        "Shift"
      ],
      "key": "ArrowDown"
    }
  ],
  "app:go-forward": [
    {
      "modifiers": [
        "Alt"
      ],
      "key": "ArrowRight"
    }
  ],
  "editor:toggle-highlight": [
    {
      "modifiers": [
        "Mod"
      ],
      "key": "L"
    }
  ],
  "editor:toggle-checklist-status": [
    {
      "modifiers": [
        "Mod"
      ],
      "key": "'"
    }
  ],
  "obsidian42-text-transporter:obsidian42-text-transporter-CC": [
    {
      "modifiers": [
        "Shift"
      ],
      "key": "-"
    }
  ],
  "editor:cycle-list-checklist": [
    {
      "modifiers": [
        "Mod"
      ],
      "key": "]"
    }
  ],
  "graph:open": [],
  "editor:toggle-bullet-list": [
    {
      "modifiers": [
        "Mod"
      ],
      "key": "Enter"
    }
  ],
  "editor:toggle-numbered-list": [
    {
      "modifiers": [
        "Mod"
      ],
      "key": ";"
    }
  ],
  "editor:open-link-in-new-leaf": [
    {
      "modifiers": [
        "Alt"
      ],
      "key": "/"
    }
  ],
  "markdown:add-metadata-property": [],
  "obsidian-excalidraw-plugin:excalidraw-autocreate-and-embed-new-tab": [
    {
      "modifiers": [
        "Alt",
        "Shift"
      ],
      "key": "E"
    }
  ],
  "file-explorer:reveal-active-file": [
    {
      "modifiers": [
        "Alt"
      ],
      "key": "S"
    }
  ],
  "workspaces:load": [
    {
      "modifiers": [
        "Shift"
      ],
      "key": "G"
    }
  ],
  "workspaces:open-modal": [
    {
      "modifiers": [
        "Alt"
      ],
      "key": "G"
    }
  ],
  "homepage:open-homepage": [
    {
      "modifiers": [
        "Alt",
        "Shift"
      ],
      "key": "H"
    }
  ],
  "note-chain:chain_insert_node": [
    {
      "modifiers": [
        "Alt"
      ],
      "key": "C"
    }
  ],
  "note-chain:sort_file_explorer": [
    {
      "modifiers": [
        "Alt"
      ],
      "key": "P"
    }
  ],
  "obsidian-tracker:add-summary-tracker": [
    {
      "modifiers": [
        "Alt"
      ],
      "key": "T"
    }
  ],
  "obsidian-super-mindmap:Create New MindMap": [
    {
      "modifiers": [
        "Alt",
        "Shift"
      ],
      "key": "M"
    }
  ],
  "starred:star-current-file": [
    {
      "modifiers": [
        "Alt"
      ],
      "key": "8"
    }
  ],
  "pane-relief:go-next": [
    {
      "modifiers": [
        "Alt"
      ],
      "key": "."
    }
  ],
  "pane-relief:go-prev": [
    {
      "modifiers": [
        "Alt"
      ],
      "key": ","
    }
  ],
  "super-local-graph:choose-options-file": [
    {
      "modifiers": [
        "Alt"
      ],
      "key": "A"
    }
  ],
  "excalibrain:excalibrain-start-popout": [
    {
      "modifiers": [
        "Alt"
      ],
      "key": "B"
    }
  ],
  "buttons:button-maker": [
    {
      "modifiers": [
        "Alt"
      ],
      "key": "C"
    }
  ],
  "buttons:inline-button": [
    {
      "modifiers": [
        "Alt"
      ],
      "key": "V"
    }
  ],
  "obsidian-copy-block-link:copy-embed-to-block": [
    {
      "modifiers": [
        "Alt"
      ],
      "key": "A"
    }
  ],
  "obsidian-copy-block-link:copy-link-to-block": [
    {
      "modifiers": [
        "Alt"
      ],
      "key": "N"
    }
  ],
  "bookmarks:bookmark-current-view": [
    {
      "modifiers": [
        "Alt"
      ],
      "key": "D"
    }
  ],
  "bookmarks:open": [
    {
      "modifiers": [
        "Alt"
      ],
      "key": "Q"
    }
  ],
  "outgoing-links:open-for-current": [
    {
      "modifiers": [
        "Alt"
      ],
      "key": "F"
    }
  ],
  "outline:open": [
    {
      "modifiers": [
        "Alt"
      ],
      "key": "W"
    }
  ],
  "obsidian-super-mindmap:Toggle to markdown or mindmap": [
    {
      "modifiers": [
        "Alt"
      ],
      "key": "M"
    }
  ],
  "longform:longform-focus-current-draft": [
    {
      "modifiers": [
        "Alt",
        "Shift"
      ],
      "key": "X"
    }
  ],
  "outline:open-for-current": [
    {
      "modifiers": [
        "Alt",
        "Shift"
      ],
      "key": "W"
    }
  ],
  "app:toggle-left-sidebar": [
    {
      "modifiers": [
        "Alt",
        "Shift"
      ],
      "key": "R"
    }
  ],
  "obsidian-day-planner:show-day-planner-today-note": [
    {
      "modifiers": [
        "Alt",
        "Shift"
      ],
      "key": "D"
    }
  ],
  "breadcrumbs:open-vis-modal": [
    {
      "modifiers": [
        "Alt",
        "Shift"
      ],
      "key": "G"
    }
  ],
  "daily-notes:goto-next": [
    {
      "modifiers": [
        "Alt",
        "Shift"
      ],
      "key": "I"
    }
  ],
  "daily-notes:goto-prev": [
    {
      "modifiers": [
        "Alt",
        "Shift"
      ],
      "key": "O"
    }
  ],
  "longform:longform-show-view": [
    {
      "modifiers": [
        "Alt",
        "Shift"
      ],
      "key": "L"
    }
  ],
  "pane-relief:ordered-close": [
    {
      "modifiers": [
        "Mod",
        "Shift"
      ],
      "key": "C"
    }
  ],
  "file-explorer:new-file": [
    {
      "modifiers": [
        "Alt",
        "Shift"
      ],
      "key": "N"
    }
  ],
  "workspace:toggle-pin": [
    {
      "modifiers": [
        "Alt",
        "Mod",
        "Shift"
      ],
      "key": "L"
    }
  ],
  "obsidian-javascript-init:run-init-javascript": [
    {
      "modifiers": [
        "Mod"
      ],
      "key": "0"
    }
  ],
  "file-explorer:move-file": [
    {
      "modifiers": [
        "Alt",
        "Mod",
        "Shift"
      ],
      "key": "Y"
    }
  ],
  "longform:longform-next-scene": [
    {
      "modifiers": [
        "Mod",
        "Shift"
      ],
      "key": "7"
    }
  ],
  "longform:longform-previous-scene": [
    {
      "modifiers": [
        "Mod",
        "Shift"
      ],
      "key": "6"
    }
  ],
  "longform:longform-jump-to-project": [
    {
      "modifiers": [
        "Mod",
        "Shift"
      ],
      "key": "4"
    }
  ],
  "file-tree-alternative: create-new-note": [
    {
      "modifiers": [
        "Alt",
        "Mod",
        "Shift"
      ],
      "key": "N"
    }
  ],
  "workspace:new-tab": [
    {
      "modifiers": [
        "Mod"
      ],
      "key": "T"
    }
  ],
  "breadcrumbs:show-BC-ducks-view": [
    {
      "modifiers": [
        "Alt",
        "Shift"
      ],
      "key": "3"
    }
  ],
  "breadcrumbs:show-BC-tree-view": [
    {
      "modifiers": [
        "Alt",
        "Shift"
      ],
      "key": "1"
    }
  ],
  "editor:open-link-in-new-window": [],
  "metadata-menu:update_all_lookups": [
    {
      "modifiers": [
        "Mod",
        "Shift"
      ],
      "key": "Y"
    }
  ],
  "metadata-menu:open_fileclass_view": [
    {
      "modifiers": [
        "Alt",
        "Mod",
        "Shift"
      ],
      "key": "4"
    }
  ],
  "editor:toggle-source": [
    {
      "modifiers": [
        "Alt",
        "Mod",
        "Shift"
      ],
      "key": "Q"
    }
  ],
  "templater-obsidian:templater/create_similar_note.md": [
    {
      "modifiers": [
        "Alt",
        "Mod",
        "Shift"
      ],
      "key": "7"
    }
  ],
  "templater-obsidian:templater/supermemolink.md": [
    {
      "modifiers": [
        "Mod",
        "Shift"
      ],
      "key": "1"
    }
  ],
  "templater-obsidian:templater/1.md": [
    {
      "modifiers": [
        "Mod",
        "Shift"
      ],
      "key": "2"
    }
  ],
  "templater-obsidian:templater/找ob当中的文本.md": [
    {
      "modifiers": [
        "Mod",
        "Shift"
      ],
      "key": "3"
    }
  ],
  "templater-obsidian:templater/element值之提取.md": [
    {
      "modifiers": [
        "Mod",
        "Shift"
      ],
      "key": "8"
    }
  ],
  "longform:longform-focus-new-scene-field": [
    {
      "modifiers": [
        "Alt",
        "Shift"
      ],
      "key": "J"
    }
  ],
  "breadcrumbs:show-BC-matrix-view": [
    {
      "modifiers": [
        "Alt",
        "Shift"
      ],
      "key": "T"
    }
  ],
  "app:toggle-right-sidebar": [
    {
      "modifiers": [
        "Alt",
        "Shift"
      ],
      "key": "Q"
    }
  ],
  "breadcrumbs:Toggle-trail-in-Edit&LP": [
    {
      "modifiers": [
        "Alt",
        "Shift"
      ],
      "key": "="
    }
  ],
  "breadcrumbs:local-index": [
    {
      "modifiers": [
        "Alt",
        "Shift"
      ],
      "key": "F"
    }
  ],
  "obsidian-excalidraw-plugin:save": [],
  "templater-obsidian:templater/scroll当前笔记.md": [
    {
      "modifiers": [
        "Alt",
        "Mod",
        "Shift"
      ],
      "key": "6"
    }
  ],
  "app:delete-file": [
    {
      "modifiers": [
        "Alt",
        "Mod",
        "Shift"
      ],
      "key": "D"
    }
  ]
}