{
  "main": {
    "id": "1b1cffd9e86292c4",
    "type": "split",
    "children": [
      {
        "id": "c0e06559164578c0",
        "type": "tabs",
        "children": [
          {
            "id": "f6e8c747d9b64940",
            "type": "leaf",
            "pane-relief:history-v1": {
              "pos": 0,
              "stack": [
                {
                  "state": "{}",
                  "eState": "{}"
                },
                {
                  "title": "ATOM@002- 做三明治",
                  "icon": "lucide-file",
                  "state": "{\"type\":\"markdown\",\"state\":{\"file\":\"项目/18-战略视图迭代/18E-GTD夹子/18E1-下一步代办事项清单文件夹/下一步代办的liner chain/ATOM@002- 做三明治.md\",\"mode\":\"source\",\"backlinks\":true,\"source\":false}}",
                  "eState": "{\"cursor\":{\"from\":{\"line\":13,\"ch\":0},\"to\":{\"line\":13,\"ch\":0}},\"scroll\":9.434284335605284}"
                },
                {
                  "title": "ATOM@003- 云端花园的建设",
                  "icon": "lucide-file",
                  "state": "{\"type\":\"markdown\",\"state\":{\"file\":\"项目/18-战略视图迭代/18E-GTD夹子/18E1-下一步代办事项清单文件夹/下一步代办的liner chain/ATOM@003- 云端花园的建设.md\",\"mode\":\"source\",\"backlinks\":true,\"source\":false}}",
                  "eState": "{\"cursor\":{\"from\":{\"line\":6,\"ch\":0},\"to\":{\"line\":6,\"ch\":0}}}"
                },
                {
                  "title": "ATOM@002- 做三明治",
                  "icon": "lucide-file",
                  "state": "{\"type\":\"markdown\",\"state\":{\"file\":\"项目/18-战略视图迭代/18E-GTD夹子/18E1-下一步代办事项清单文件夹/下一步代办的liner chain/ATOM@002- 做三明治.md\",\"mode\":\"source\",\"backlinks\":true,\"source\":false}}",
                  "eState": "{\"cursor\":{\"from\":{\"line\":5,\"ch\":0},\"to\":{\"line\":5,\"ch\":0}}}"
                },
                {
                  "title": "三明治配方选择",
                  "icon": "lucide-file",
                  "state": "{\"type\":\"markdown\",\"state\":{\"file\":\"项目/18-战略视图迭代/18E-GTD夹子/18E1-下一步代办事项清单文件夹/下一步代办的liner chain/三明治配方选择.md\",\"mode\":\"source\",\"backlinks\":true,\"source\":false}}",
                  "eState": "{\"cursor\":{\"from\":{\"line\":0,\"ch\":2},\"to\":{\"line\":0,\"ch\":2}}}"
                },
                {
                  "title": "ATOM@002- 做三明治",
                  "icon": "lucide-file",
                  "state": "{\"type\":\"markdown\",\"state\":{\"file\":\"项目/18-战略视图迭代/18E-GTD夹子/18E1-下一步代办事项清单文件夹/下一步代办的liner chain/ATOM@002- 做三明治.md\",\"mode\":\"source\",\"backlinks\":true,\"source\":false}}",
                  "eState": "{\"cursor\":{\"from\":{\"line\":6,\"ch\":5},\"to\":{\"line\":6,\"ch\":5}}}"
                },
                {
                  "title": "三明治配方选择",
                  "icon": "lucide-file",
                  "state": "{\"type\":\"markdown\",\"state\":{\"file\":\"项目/18-战略视图迭代/18E-GTD夹子/18E1-下一步代办事项清单文件夹/下一步代办的liner chain/三明治配方选择.md\",\"mode\":\"source\",\"backlinks\":true,\"source\":false}}",
                  "eState": "{\"cursor\":{\"from\":{\"line\":16,\"ch\":2},\"to\":{\"line\":16,\"ch\":2}}}"
                },
                {
                  "title": "三明治配方选择 2024-04-04 10.19.34.excalidraw",
                  "icon": "excalidraw-icon",
                  "state": "{\"type\":\"excalidraw\",\"state\":{\"file\":\"项目/18-战略视图迭代/18E-GTD夹子/18E1-下一步代办事项清单文件夹/下一步代办的liner chain/三明治配方选择 2024-04-04 10.19.34.excalidraw.md\"}}",
                  "eState": "{}"
                },
                {
                  "title": "ATOM@003- 云端花园的建设",
                  "icon": "lucide-file",
                  "state": "{\"type\":\"markdown\",\"state\":{\"file\":\"项目/18-战略视图迭代/18E-GTD夹子/18E1-下一步代办事项清单文件夹/下一步代办的liner chain/ATOM@003- 云端花园的建设.md\",\"mode\":\"source\",\"backlinks\":true,\"source\":false}}",
                  "eState": "{\"cursor\":{\"from\":{\"line\":5,\"ch\":0},\"to\":{\"line\":5,\"ch\":0}}}"
                },
                {
                  "title": "ATOM@002- 做三明治",
                  "icon": "lucide-file",
                  "state": "{\"type\":\"markdown\",\"state\":{\"file\":\"项目/18-战略视图迭代/18E-GTD夹子/18E1-下一步代办事项清单文件夹/下一步代办的liner chain/ATOM@002- 做三明治.md\",\"mode\":\"source\",\"backlinks\":true,\"source\":false}}",
                  "eState": "{\"cursor\":{\"from\":{\"line\":5,\"ch\":0},\"to\":{\"line\":5,\"ch\":0}}}"
                },
                {
                  "title": "ATOM@001- 介绍：ATOM这个列表是偏向待办事项的列表",
                  "icon": "lucide-file",
                  "state": "{\"type\":\"markdown\",\"state\":{\"file\":\"项目/18-战略视图迭代/18E-GTD夹子/18E1-下一步代办事项清单文件夹/下一步代办的liner chain/ATOM@001- 介绍：ATOM这个列表是偏向待办事项的列表.md\",\"mode\":\"source\",\"backlinks\":true,\"source\":false}}",
                  "eState": "{\"cursor\":{\"from\":{\"line\":5,\"ch\":0},\"to\":{\"line\":5,\"ch\":0}}}"
                },
                {
                  "title": "ATOM@999A.005- 霍尼，斯飞发邮件问问flash，和ram的件号的问题",
                  "icon": "lucide-file",
                  "state": "{\"type\":\"markdown\",\"state\":{\"file\":\"项目/18-战略视图迭代/18E-GTD夹子/18E1-下一步代办事项清单文件夹/下一步代办的liner chain/ATOM@999A.005- 霍尼，斯飞发邮件问问flash，和ram的件号的问题.md\",\"mode\":\"source\",\"backlinks\":true,\"source\":false}}",
                  "eState": "{\"cursor\":{\"from\":{\"line\":10,\"ch\":0},\"to\":{\"line\":10,\"ch\":0}}}"
                },
                {
                  "title": "关键词——M",
                  "icon": "lucide-file",
                  "state": "{\"type\":\"markdown\",\"state\":{\"file\":\"项目/18-战略视图迭代/18E-GTD夹子/18E1-下一步代办事项清单文件夹/下一步代办的liner chain/关键词——M.md\",\"mode\":\"source\",\"backlinks\":true,\"source\":false}}",
                  "eState": "{\"cursor\":{\"from\":{\"line\":0,\"ch\":0},\"to\":{\"line\":0,\"ch\":0}}}"
                },
                {
                  "title": "关键词——K",
                  "icon": "lucide-file",
                  "state": "{\"type\":\"markdown\",\"state\":{\"file\":\"项目/18-战略视图迭代/18E-GTD夹子/18E1-下一步代办事项清单文件夹/下一步代办的liner chain/关键词——K.md\",\"mode\":\"source\",\"backlinks\":true,\"source\":false}}",
                  "eState": "{\"cursor\":{\"from\":{\"line\":0,\"ch\":0},\"to\":{\"line\":0,\"ch\":0}}}"
                },
                {
                  "title": "关键词——G",
                  "icon": "lucide-file",
                  "state": "{\"type\":\"markdown\",\"state\":{\"file\":\"项目/18-战略视图迭代/18E-GTD夹子/18E1-下一步代办事项清单文件夹/下一步代办的liner chain/关键词——G.md\",\"mode\":\"source\",\"backlinks\":true,\"source\":false}}",
                  "eState": "{\"cursor\":{\"from\":{\"line\":0,\"ch\":0},\"to\":{\"line\":0,\"ch\":0}},\"scroll\":0}"
                },
                {
                  "title": "ZL@001A- ZL这个列表专注于做资料归纳的，比如事件记录，人事物理",
                  "icon": "lucide-file",
                  "state": "{\"type\":\"markdown\",\"state\":{\"file\":\"项目/18-战略视图迭代/18E-GTD夹子/18E1-下一步代办事项清单文件夹/下一步代办的liner chain/ZL@001A- ZL这个列表专注于做资料归纳的，比如事件记录，人事物理.md\",\"mode\":\"source\",\"backlinks\":true,\"source\":false}}",
                  "eState": "{\"cursor\":{\"from\":{\"line\":5,\"ch\":0},\"to\":{\"line\":5,\"ch\":0}}}"
                },
                {
                  "title": "ZL@010B002- 快速启动工作，组件，零秒思考A4纸书写的方式，以及列清单启发自己待办，计时时间流逝",
                  "icon": "lucide-file",
                  "state": "{\"type\":\"markdown\",\"state\":{\"file\":\"项目/18-战略视图迭代/18E-GTD夹子/18E1-下一步代办事项清单文件夹/下一步代办的liner chain/ZL@010B002- 快速启动工作，组件，零秒思考A4纸书写的方式，以及列清单启发自己待办，计时时间流逝.md\",\"mode\":\"source\",\"backlinks\":true,\"source\":false}}",
                  "eState": "{\"cursor\":{\"from\":{\"line\":11,\"ch\":0},\"to\":{\"line\":11,\"ch\":0}}}"
                },
                {
                  "title": "ATOM@001- 介绍：ATOM这个列表是偏向待办事项的列表",
                  "icon": "lucide-file",
                  "state": "{\"type\":\"markdown\",\"state\":{\"file\":\"项目/18-战略视图迭代/18E-GTD夹子/18E1-下一步代办事项清单文件夹/下一步代办的liner chain/ATOM@001- 介绍：ATOM这个列表是偏向待办事项的列表.md\",\"mode\":\"source\",\"backlinks\":true,\"source\":false}}",
                  "eState": "{\"cursor\":{\"from\":{\"line\":6,\"ch\":0},\"to\":{\"line\":6,\"ch\":0}}}"
                },
                {
                  "title": "ATOM@999A.005- 霍尼，斯飞发邮件问问flash，和ram的件号的问题",
                  "icon": "lucide-file",
                  "state": "{\"type\":\"markdown\",\"state\":{\"file\":\"项目/18-战略视图迭代/18E-GTD夹子/18E1-下一步代办事项清单文件夹/下一步代办的liner chain/ATOM@999A.005- 霍尼，斯飞发邮件问问flash，和ram的件号的问题.md\",\"mode\":\"source\",\"backlinks\":true,\"source\":false}}",
                  "eState": "{\"cursor\":{\"from\":{\"line\":10,\"ch\":0},\"to\":{\"line\":10,\"ch\":0}}}"
                },
                {
                  "title": "ATOM@999A.003- UTC的邮件注册问题",
                  "icon": "lucide-file",
                  "state": "{\"type\":\"markdown\",\"state\":{\"file\":\"项目/18-战略视图迭代/18E-GTD夹子/18E1-下一步代办事项清单文件夹/下一步代办的liner chain/ATOM@999A.003- UTC的邮件注册问题.md\",\"mode\":\"source\",\"backlinks\":true,\"source\":false}}",
                  "eState": "{\"cursor\":{\"from\":{\"line\":10,\"ch\":0},\"to\":{\"line\":10,\"ch\":0}}}"
                },
                {
                  "title": "关键词——F",
                  "icon": "lucide-file",
                  "state": "{\"type\":\"markdown\",\"state\":{\"file\":\"项目/18-战略视图迭代/18E-GTD夹子/18E1-下一步代办事项清单文件夹/下一步代办的liner chain/关键词——F.md\",\"mode\":\"source\",\"backlinks\":true,\"source\":false}}",
                  "eState": "{\"cursor\":{\"from\":{\"line\":0,\"ch\":0},\"to\":{\"line\":0,\"ch\":0}}}"
                },
                {
                  "title": "ATOM@009.036- 视图可以放到下一步待办的启示和回当中做",
                  "icon": "lucide-file",
                  "state": "{\"type\":\"markdown\",\"state\":{\"file\":\"项目/18-战略视图迭代/18E-GTD夹子/18E1-下一步代办事项清单文件夹/下一步代办的liner chain/ATOM@009.036- 视图可以放到下一步待办的启示和回当中做.md\",\"mode\":\"source\",\"backlinks\":true,\"source\":false}}",
                  "eState": "{\"cursor\":{\"from\":{\"line\":8,\"ch\":0},\"to\":{\"line\":8,\"ch\":0}}}"
                },
                {
                  "title": "ATOM@009.035- 松下手册还是需要确认一遍，登录网站瞅一眼",
                  "icon": "lucide-file",
                  "state": "{\"type\":\"markdown\",\"state\":{\"file\":\"项目/18-战略视图迭代/18E-GTD夹子/18E1-下一步代办事项清单文件夹/下一步代办的liner chain/ATOM@009.035- 松下手册还是需要确认一遍，登录网站瞅一眼.md\",\"mode\":\"source\",\"backlinks\":true,\"source\":false}}",
                  "eState": "{\"cursor\":{\"from\":{\"line\":8,\"ch\":0},\"to\":{\"line\":8,\"ch\":0}}}"
                },
                {
                  "title": "ATOM@999.031- 质控部主导的各地分子公司排故工程师来沈阳统一拆装标准，需要跟孙领导说一声",
                  "icon": "lucide-file",
                  "state": "{\"type\":\"markdown\",\"state\":{\"file\":\"项目/18-战略视图迭代/18E-GTD夹子/18E1-下一步代办事项清单文件夹/下一步代办的liner chain/ATOM@999.031- 质控部主导的各地分子公司排故工程师来沈阳统一拆装标准，需要跟孙领导说一声.md\",\"mode\":\"source\",\"backlinks\":true,\"source\":false}}",
                  "eState": "{\"cursor\":{\"from\":{\"line\":13,\"ch\":0},\"to\":{\"line\":13,\"ch\":0}}}"
                },
                {
                  "title": "ATOM@999.029- faa清单确认，还差一个collins标准施工",
                  "icon": "lucide-file",
                  "state": "{\"type\":\"markdown\",\"state\":{\"file\":\"项目/18-战略视图迭代/18E-GTD夹子/18E1-下一步代办事项清单文件夹/下一步代办的liner chain/ATOM@999.029- faa清单确认，还差一个collins标准施工.md\",\"mode\":\"source\",\"backlinks\":true,\"source\":false}}",
                  "eState": "{\"cursor\":{\"from\":{\"line\":12,\"ch\":0},\"to\":{\"line\":12,\"ch\":0}}}"
                },
                {
                  "title": "ATOM@999.028- collins标准施工找不到？而且四月份的时候就要求更新啦？上次确认我给跳过去啦？",
                  "icon": "lucide-file",
                  "state": "{\"type\":\"markdown\",\"state\":{\"file\":\"项目/18-战略视图迭代/18E-GTD夹子/18E1-下一步代办事项清单文件夹/下一步代办的liner chain/ATOM@999.028- collins标准施工找不到？而且四月份的时候就要求更新啦？上次确认我给跳过去啦？.md\",\"mode\":\"source\",\"backlinks\":true,\"source\":false}}",
                  "eState": "{\"cursor\":{\"from\":{\"line\":11,\"ch\":0},\"to\":{\"line\":11,\"ch\":0}}}"
                },
                {
                  "title": "ATOM@009.016- 评估RP的sb都看一遍干啥的",
                  "icon": "lucide-file",
                  "state": "{\"type\":\"markdown\",\"state\":{\"file\":\"项目/18-战略视图迭代/18E-GTD夹子/18E1-下一步代办事项清单文件夹/下一步代办的liner chain/ATOM@009.016- 评估RP的sb都看一遍干啥的.md\",\"mode\":\"source\",\"backlinks\":true,\"source\":false}}",
                  "eState": "{\"cursor\":{\"from\":{\"line\":10,\"ch\":0},\"to\":{\"line\":10,\"ch\":0}}}"
                },
                {
                  "title": "ATOM@009.015.001- 还有一个变压器如果不在超净间，就在教室，去看看",
                  "icon": "lucide-file",
                  "state": "{\"type\":\"markdown\",\"state\":{\"file\":\"项目/18-战略视图迭代/18E-GTD夹子/18E1-下一步代办事项清单文件夹/下一步代办的liner chain/ATOM@009.015.001- 还有一个变压器如果不在超净间，就在教室，去看看.md\",\"mode\":\"source\",\"backlinks\":true,\"source\":false}}",
                  "eState": "{\"cursor\":{\"from\":{\"line\":5,\"ch\":0},\"to\":{\"line\":5,\"ch\":0}}}"
                },
                {
                  "title": "ATOM@009.015- 设备转移",
                  "icon": "lucide-file",
                  "state": "{\"type\":\"markdown\",\"state\":{\"file\":\"项目/18-战略视图迭代/18E-GTD夹子/18E1-下一步代办事项清单文件夹/下一步代办的liner chain/ATOM@009.015- 设备转移.md\",\"mode\":\"source\",\"backlinks\":true,\"source\":false}}",
                  "eState": "{\"cursor\":{\"from\":{\"line\":10,\"ch\":0},\"to\":{\"line\":10,\"ch\":0}}}"
                },
                {
                  "title": "ATOM@009.005- 看看灯的手册内容",
                  "icon": "lucide-file",
                  "state": "{\"type\":\"markdown\",\"state\":{\"file\":\"项目/18-战略视图迭代/18E-GTD夹子/18E1-下一步代办事项清单文件夹/下一步代办的liner chain/ATOM@009.005- 看看灯的手册内容.md\",\"mode\":\"source\",\"backlinks\":true,\"source\":false}}",
                  "eState": "{\"cursor\":{\"from\":{\"line\":10,\"ch\":0},\"to\":{\"line\":10,\"ch\":0}}}"
                },
                {
                  "title": "ATOM@009.001001- 目标是开始整研究生论文",
                  "icon": "lucide-file",
                  "state": "{\"type\":\"markdown\",\"state\":{\"file\":\"项目/18-战略视图迭代/18E-GTD夹子/18E1-下一步代办事项清单文件夹/下一步代办的liner chain/ATOM@009.001001- 目标是开始整研究生论文.md\",\"mode\":\"source\",\"backlinks\":true,\"source\":false}}",
                  "eState": "{\"cursor\":{\"from\":{\"line\":11,\"ch\":0},\"to\":{\"line\":11,\"ch\":0}}}"
                },
                {
                  "title": "ATOM@009.001- 另外一个种子是我的未来目标，想要创造的内容是什么，围绕种子来生长各个concept下面的field，反正是对话形式嘛，作为一个启发，问问自己——————起始",
                  "icon": "lucide-file",
                  "state": "{\"type\":\"markdown\",\"state\":{\"file\":\"项目/18-战略视图迭代/18E-GTD夹子/18E1-下一步代办事项清单文件夹/下一步代办的liner chain/ATOM@009.001- 另外一个种子是我的未来目标，想要创造的内容是什么，围绕种子来生长各个concept下面的field，反正是对话形式嘛，作为一个启发，问问自己——————起始.md\",\"mode\":\"source\",\"backlinks\":true,\"source\":false}}",
                  "eState": "{\"cursor\":{\"from\":{\"line\":8,\"ch\":0},\"to\":{\"line\":8,\"ch\":0}}}"
                },
                {
                  "title": "ATOM@013S002- 涉及件号改动，跟张师傅说一声，然后下发",
                  "icon": "lucide-file",
                  "state": "{\"type\":\"markdown\",\"state\":{\"file\":\"项目/18-战略视图迭代/18E-GTD夹子/18E1-下一步代办事项清单文件夹/下一步代办的liner chain/ATOM@013S002- 涉及件号改动，跟张师傅说一声，然后下发.md\",\"mode\":\"source\",\"backlinks\":true,\"source\":false}}",
                  "eState": "{\"cursor\":{\"from\":{\"line\":5,\"ch\":0},\"to\":{\"line\":5,\"ch\":0}}}"
                },
                {
                  "title": "ATOM@013S001- 也是完整看一遍原理，整个看，能有时间做就看",
                  "icon": "lucide-file",
                  "state": "{\"type\":\"markdown\",\"state\":{\"file\":\"项目/18-战略视图迭代/18E-GTD夹子/18E1-下一步代办事项清单文件夹/下一步代办的liner chain/ATOM@013S001- 也是完整看一遍原理，整个看，能有时间做就看.md\",\"mode\":\"source\",\"backlinks\":true,\"source\":false}}",
                  "eState": "{\"cursor\":{\"from\":{\"line\":5,\"ch\":0},\"to\":{\"line\":5,\"ch\":0}}}"
                },
                {
                  "title": "ATOM@013T- 电源组件上项",
                  "icon": "lucide-file",
                  "state": "{\"type\":\"markdown\",\"state\":{\"file\":\"项目/18-战略视图迭代/18E-GTD夹子/18E1-下一步代办事项清单文件夹/下一步代办的liner chain/ATOM@013T- 电源组件上项.md\",\"mode\":\"source\",\"backlinks\":true,\"source\":false}}",
                  "eState": "{\"cursor\":{\"from\":{\"line\":5,\"ch\":0},\"to\":{\"line\":5,\"ch\":0}}}"
                },
                {
                  "title": "ATOM@013T.002- 完整梳理一下",
                  "icon": "lucide-file",
                  "state": "{\"type\":\"markdown\",\"state\":{\"file\":\"项目/18-战略视图迭代/18E-GTD夹子/18E1-下一步代办事项清单文件夹/下一步代办的liner chain/ATOM@013T.002- 完整梳理一下.md\",\"mode\":\"source\",\"backlinks\":true,\"source\":false}}",
                  "eState": "{\"cursor\":{\"from\":{\"line\":5,\"ch\":0},\"to\":{\"line\":5,\"ch\":0}}}"
                },
                {
                  "title": "ATOM@013T.001- 14号一定要催一下范姐，把这个给我，或者问她要一下账号",
                  "icon": "lucide-file",
                  "state": "{\"type\":\"markdown\",\"state\":{\"file\":\"项目/18-战略视图迭代/18E-GTD夹子/18E1-下一步代办事项清单文件夹/下一步代办的liner chain/ATOM@013T.001- 14号一定要催一下范姐，把这个给我，或者问她要一下账号.md\",\"mode\":\"source\",\"backlinks\":true,\"source\":false}}",
                  "eState": "{\"cursor\":{\"from\":{\"line\":5,\"ch\":0},\"to\":{\"line\":5,\"ch\":0}}}"
                },
                {
                  "title": "ATOM@013T- 电源组件上项",
                  "icon": "lucide-file",
                  "state": "{\"type\":\"markdown\",\"state\":{\"file\":\"项目/18-战略视图迭代/18E-GTD夹子/18E1-下一步代办事项清单文件夹/下一步代办的liner chain/ATOM@013T- 电源组件上项.md\",\"mode\":\"source\",\"backlinks\":true,\"source\":false}}",
                  "eState": "{\"cursor\":{\"from\":{\"line\":5,\"ch\":0},\"to\":{\"line\":5,\"ch\":0}},\"scroll\":5}"
                },
                {
                  "title": "关键词——J",
                  "icon": "lucide-file",
                  "state": "{\"type\":\"markdown\",\"state\":{\"file\":\"项目/18-战略视图迭代/18E-GTD夹子/18E1-下一步代办事项清单文件夹/下一步代办的liner chain/关键词——J.md\",\"mode\":\"source\",\"backlinks\":true,\"source\":false}}",
                  "eState": "{\"cursor\":{\"from\":{\"line\":20,\"ch\":0},\"to\":{\"line\":20,\"ch\":0}},\"scroll\":5.904296875}"
                },
                {
                  "title": "截止日期清单",
                  "icon": "lucide-file",
                  "state": "{\"type\":\"markdown\",\"state\":{\"file\":\"项目/18-战略视图迭代/18E-GTD夹子/18E1-下一步代办事项清单文件夹/下一步代办的liner chain/截止日期清单.md\",\"mode\":\"source\",\"backlinks\":true,\"source\":false}}",
                  "eState": "{\"cursor\":{\"from\":{\"line\":1,\"ch\":0},\"to\":{\"line\":1,\"ch\":0}}}"
                }
              ]
            },
            "state": {
              "type": "markdown",
              "state": {
                "file": "项目/18-战略视图迭代/18E-GTD夹子/18E1-下一步代办事项清单文件夹/下一步代办的liner chain/ATOM@003- 云端花园的建设.md",
                "mode": "source",
                "backlinks": true,
                "source": false
              }
            }
          },
          {
            "id": "afb70288763f1f33",
            "type": "leaf",
            "pane-relief:history-v1": {
              "pos": 1,
              "stack": [
                {
                  "title": "create_similar_note",
                  "icon": "lucide-file",
                  "state": "{\"type\":\"markdown\",\"state\":{\"file\":\"templater/create_similar_note.md\",\"mode\":\"source\",\"backlinks\":true,\"source\":false}}",
                  "eState": "{\"cursor\":{\"from\":{\"line\":0,\"ch\":0},\"to\":{\"line\":0,\"ch\":0}}}"
                },
                {
                  "state": "{}",
                  "eState": "{}"
                },
                {
                  "title": "412542dbb1208403bbf22f4870c2e1c",
                  "icon": "lucide-image",
                  "state": "{\"type\":\"image\",\"state\":{\"file\":\"412542dbb1208403bbf22f4870c2e1c.jpg\"}}",
                  "eState": "{}"
                }
              ]
            },
            "state": {
              "type": "markdown",
              "state": {
                "file": "项目/18-战略视图迭代/18E-GTD夹子/18E1-下一步代办事项清单文件夹/下一步代办的liner chain/ATOM@003- 云端花园的建设.md",
                "mode": "source",
                "backlinks": true,
                "source": false
              }
            }
          },
          {
            "id": "4e4aa56cfea43657",
            "type": "leaf",
            "pane-relief:history-v1": {
              "pos": 0,
              "stack": [
                {
                  "state": "{}",
                  "eState": "{}"
                },
                {
                  "title": "关键词——Z",
                  "icon": "lucide-file",
                  "state": "{\"type\":\"markdown\",\"state\":{\"file\":\"项目/18-战略视图迭代/18E-GTD夹子/18E1-下一步代办事项清单文件夹/下一步代办的liner chain/关键词——Z.md\",\"mode\":\"source\",\"backlinks\":true,\"source\":false}}",
                  "eState": "{\"cursor\":{\"from\":{\"line\":0,\"ch\":0},\"to\":{\"line\":0,\"ch\":0}},\"scroll\":19.9033203125}"
                },
                {
                  "title": "关键词——D",
                  "icon": "lucide-file",
                  "state": "{\"type\":\"markdown\",\"state\":{\"file\":\"项目/18-战略视图迭代/18E-GTD夹子/18E1-下一步代办事项清单文件夹/下一步代办的liner chain/关键词——D.md\",\"mode\":\"source\",\"backlinks\":true,\"source\":false}}",
                  "eState": "{\"cursor\":{\"from\":{\"line\":0,\"ch\":0},\"to\":{\"line\":0,\"ch\":0}},\"scroll\":11.150390625}"
                },
                {
                  "title": "ZL@008A002A017.002.002- DVD修理这部分还有各种芯片啥的的更换步骤呢，可以借鉴一下",
                  "icon": "lucide-file",
                  "state": "{\"type\":\"markdown\",\"state\":{\"file\":\"项目/18-战略视图迭代/18E-GTD夹子/18E1-下一步代办事项清单文件夹/下一步代办的liner chain/ZL@008A002A017.002.002- DVD修理这部分还有各种芯片啥的的更换步骤呢，可以借鉴一下.md\",\"mode\":\"source\",\"backlinks\":true,\"source\":false}}",
                  "eState": "{\"cursor\":{\"from\":{\"line\":5,\"ch\":0},\"to\":{\"line\":5,\"ch\":0}}}"
                },
                {
                  "title": "ZL@008A002A017.002.001- 这个项目件起码知道各个电路板的作用",
                  "icon": "lucide-file",
                  "state": "{\"type\":\"markdown\",\"state\":{\"file\":\"项目/18-战略视图迭代/18E-GTD夹子/18E1-下一步代办事项清单文件夹/下一步代办的liner chain/ZL@008A002A017.002.001- 这个项目件起码知道各个电路板的作用.md\",\"mode\":\"source\",\"backlinks\":true,\"source\":false}}",
                  "eState": "{\"cursor\":{\"from\":{\"line\":5,\"ch\":0},\"to\":{\"line\":5,\"ch\":0}}}"
                },
                {
                  "title": "标准施工",
                  "icon": "lucide-file",
                  "state": "{\"type\":\"markdown\",\"state\":{\"file\":\"项目/18-战略视图迭代/18E-GTD夹子/18E1-下一步代办事项清单文件夹/下一步代办的liner chain/标准施工.md\",\"mode\":\"source\",\"backlinks\":true,\"source\":false}}",
                  "eState": "{\"cursor\":{\"from\":{\"line\":0,\"ch\":55},\"to\":{\"line\":0,\"ch\":55}}}"
                }
              ]
            },
            "state": {
              "type": "markdown",
              "state": {
                "file": "项目/18-战略视图迭代/18E-GTD夹子/18E1-下一步代办事项清单文件夹/下一步代办的liner chain/关键词——S.md",
                "mode": "source",
                "backlinks": true,
                "source": false
              }
            }
          },
          {
            "id": "a98da49a77891db3",
            "type": "leaf",
            "pane-relief:history-v1": {
              "pos": 1,
              "stack": [
                {
                  "title": "ATOM@025- 需要给各个项目建立好文件夹之后，平台建立好之后快速开始过了，有一个大致印象，这个过程要快！ (488)",
                  "icon": "lucide-file",
                  "state": "{\"type\":\"markdown\",\"state\":{\"file\":\"ATOM@025- 需要给各个项目建立好文件夹之后，平台建立好之后快速开始过了，有一个大致印象，这个过程要快！ (488).md\",\"mode\":\"source\",\"backlinks\":true,\"source\":false},\"pinned\":true}",
                  "eState": "{\"cursor\":{\"from\":{\"line\":8,\"ch\":0},\"to\":{\"line\":8,\"ch\":0}}}"
                },
                {
                  "state": "{}",
                  "eState": "{}"
                },
                {
                  "title": "ATOM@016A.003.001.001.001.001.001.004- ONTOLOGY真的有必要吗？本来陈述，形式场在索引中存在，思维碰撞海纳百川，加ontology就是直接给定成自己的框框了，而且绝对没有办法超越了，如果你是索引脑内挂钩，自己是能够超越者里面的形式场的，而且ontology你是为了一个类似的concept有所参考吗？思维支架不要也罢",
                  "icon": "lucide-file",
                  "state": "{\"type\":\"markdown\",\"state\":{\"file\":\"项目/18-战略视图迭代/18E-GTD夹子/18E1-下一步代办事项清单文件夹/下一步代办的liner chain/ATOM@016A.003.001.001.001.001.001.004- ONTOLOGY真的有必要吗？本来陈述，形式场在索引中存在，思维碰撞海纳百川，加ontology就是直接给定成自己的框框了，而且绝对没有办法超越了，如果你是索引脑内挂钩，自己是能够超越者里面的形式场的，而且ontology你是为了一个类似的concept有所参考吗？思维支架不要也罢.md\",\"mode\":\"source\",\"backlinks\":true,\"source\":false}}",
                  "eState": "{\"cursor\":{\"from\":{\"line\":6,\"ch\":0},\"to\":{\"line\":6,\"ch\":0}},\"scroll\":6}"
                },
                {
                  "title": "ATOM@0.1@C.001A.001.004- 看看陶哥之前推荐过的射频的书，外国教材，来学一学实例",
                  "icon": "lucide-file",
                  "state": "{\"type\":\"markdown\",\"state\":{\"file\":\"项目/18-战略视图迭代/18E-GTD夹子/18E1-下一步代办事项清单文件夹/下一步代办的liner chain/ATOM@0.1@C.001A.001.004- 看看陶哥之前推荐过的射频的书，外国教材，来学一学实例.md\",\"mode\":\"source\",\"backlinks\":true,\"source\":false}}",
                  "eState": "{\"cursor\":{\"from\":{\"line\":13,\"ch\":0},\"to\":{\"line\":13,\"ch\":0}},\"scroll\":13}"
                },
                {
                  "title": "ATOM@016@C@002- 334810里面的耗材，我们有吗？ (315)",
                  "icon": "lucide-file",
                  "state": "{\"type\":\"markdown\",\"state\":{\"file\":\"ATOM@016@C@002- 334810里面的耗材，我们有吗？ (315).md\",\"mode\":\"source\",\"backlinks\":true,\"source\":false}}",
                  "eState": "{\"cursor\":{\"from\":{\"line\":13,\"ch\":0},\"to\":{\"line\":13,\"ch\":0}}}"
                },
                {
                  "title": "ATOM@016@E- 还需要看原理，几个旧手册当中的，看元件主要是.md (319)",
                  "icon": "lucide-file",
                  "state": "{\"type\":\"markdown\",\"state\":{\"file\":\"ATOM@016@E- 还需要看原理，几个旧手册当中的，看元件主要是.md (319).md\",\"mode\":\"source\",\"backlinks\":true,\"source\":false}}",
                  "eState": "{\"cursor\":{\"from\":{\"line\":14,\"ch\":0},\"to\":{\"line\":14,\"ch\":0}},\"scroll\":13}"
                },
                {
                  "title": "ATOM@016A.001A- 原来的待办事项空洞没有灵魂，问题就在于，原来为了待办事项列表的明确，可丁可卯的把该做的事情列了出来，但是那就是一个列表，里面什么支援信息都没有，但是树状就不一样，有待办事项，有支援信息，大家在不同的树上的位置各司其职.md (325)",
                  "icon": "lucide-file",
                  "state": "{\"type\":\"markdown\",\"state\":{\"file\":\"ATOM@016A.001A- 原来的待办事项空洞没有灵魂，问题就在于，原来为了待办事项列表的明确，可丁可卯的把该做的事情列了出来，但是那就是一个列表，里面什么支援信息都没有，但是树状就不一样，有待办事项，有支援信息，大家在不同的树上的位置各司其职.md (325).md\",\"mode\":\"source\",\"backlinks\":true,\"source\":false}}",
                  "eState": "{\"cursor\":{\"from\":{\"line\":11,\"ch\":0},\"to\":{\"line\":11,\"ch\":0}},\"scroll\":7}"
                }
              ]
            },
            "pinned": true,
            "state": {
              "type": "empty",
              "state": {},
              "pinned": true
            }
          },
          {
            "id": "33397e2b50610ba7",
            "type": "leaf",
            "pane-relief:history-v1": {
              "pos": 0,
              "stack": [
                {
                  "state": "{}",
                  "eState": "{}"
                },
                {
                  "title": "ATOM@003- 云端花园的建设",
                  "icon": "lucide-file",
                  "state": "{\"type\":\"markdown\",\"state\":{\"file\":\"项目/18-战略视图迭代/18E-GTD夹子/18E1-下一步代办事项清单文件夹/下一步代办的liner chain/ATOM@003- 云端花园的建设.md\",\"mode\":\"source\",\"backlinks\":true,\"source\":false}}",
                  "eState": "{\"cursor\":{\"from\":{\"line\":5,\"ch\":0},\"to\":{\"line\":5,\"ch\":0}}}"
                },
                {
                  "title": "关键词——H",
                  "icon": "lucide-file",
                  "state": "{\"type\":\"markdown\",\"state\":{\"file\":\"项目/18-战略视图迭代/18E-GTD夹子/18E1-下一步代办事项清单文件夹/下一步代办的liner chain/关键词——H.md\",\"mode\":\"source\",\"backlinks\":true,\"source\":false}}",
                  "eState": "{\"cursor\":{\"from\":{\"line\":0,\"ch\":0},\"to\":{\"line\":0,\"ch\":0}}}"
                },
                {
                  "title": "测试用的笔记",
                  "icon": "lucide-file",
                  "state": "{\"type\":\"markdown\",\"state\":{\"file\":\"测试用的文件夹/测试用的笔记.md\",\"mode\":\"source\",\"backlinks\":true,\"source\":false}}",
                  "eState": "{\"cursor\":{\"from\":{\"line\":3,\"ch\":0},\"to\":{\"line\":3,\"ch\":0}}}"
                }
              ]
            },
            "state": {
              "type": "markdown",
              "state": {
                "file": "项目/18-战略视图迭代/18E-GTD夹子/18E1-下一步代办事项清单文件夹/下一步代办的liner chain/ATOM@001- 介绍：ATOM这个列表是偏向待办事项的列表.md",
                "mode": "source",
                "backlinks": true,
                "source": false
              }
            }
          }
        ],
        "currentTab": 4
      }
    ],
    "direction": "vertical"
  },
  "left": {
    "id": "671a2780b75ae3ff",
    "type": "split",
    "children": [
      {
        "id": "7c9a83f33c1f104c",
        "type": "tabs",
        "children": [
          {
            "id": "45ad3751bbe74b32",
            "type": "leaf",
            "pane-relief:history-v1": {
              "pos": 0,
              "stack": [
                {
                  "state": "{}",
                  "eState": "{}"
                }
              ]
            },
            "state": {
              "type": "file-explorer",
              "state": {
                "sortOrder": "alphabetical"
              }
            }
          },
          {
            "id": "29339b96bd5c8a81",
            "type": "leaf",
            "pane-relief:history-v1": {
              "pos": 0,
              "stack": [
                {
                  "state": "{}",
                  "eState": "{}"
                }
              ]
            },
            "state": {
              "type": "search",
              "state": {
                "query": "",
                "matchingCase": false,
                "explainSearch": false,
                "collapseAll": true,
                "extraContext": false,
                "sortOrder": "byModifiedTime"
              }
            }
          },
          {
            "id": "21c65600d9ad3bf7",
            "type": "leaf",
            "pane-relief:history-v1": {
              "pos": 0,
              "stack": [
                {
                  "state": "{}",
                  "eState": "{}"
                }
              ]
            },
            "state": {
              "type": "recent-files",
              "state": {}
            }
          },
          {
            "id": "a3014ec2d4c92a0f",
            "type": "leaf",
            "pane-relief:history-v1": {
              "pos": 0,
              "stack": [
                {
                  "state": "{}",
                  "eState": "{}"
                }
              ]
            },
            "state": {
              "type": "file-tree-view",
              "state": {}
            }
          },
          {
            "id": "027fc499576cc7f1",
            "type": "leaf",
            "pane-relief:history-v1": {
              "pos": 0,
              "stack": [
                {
                  "state": "{}",
                  "eState": "{}"
                }
              ]
            },
            "state": {
              "type": "vertical-tabs",
              "state": {}
            }
          },
          {
            "id": "42b8e08b0e3fbe53",
            "type": "leaf",
            "pane-relief:history-v1": {
              "pos": 0,
              "stack": [
                {
                  "state": "{}",
                  "eState": "{}"
                }
              ]
            },
            "state": {
              "type": "bookmarks",
              "state": {}
            }
          }
        ],
        "currentTab": 4
      }
    ],
    "direction": "horizontal",
    "width": 288.5
  },
  "right": {
    "id": "99c2927b20fa72b0",
    "type": "split",
    "children": [
      {
        "id": "269af29495f17359",
        "type": "tabs",
        "children": [
          {
            "id": "84508da13961b68c",
            "type": "leaf",
            "pane-relief:history-v1": {
              "pos": 0,
              "stack": [
                {
                  "state": "{}",
                  "eState": "{}"
                },
                {
                  "title": "ATOM@002- 做三明治",
                  "icon": "lucide-file",
                  "state": "{\"type\":\"markdown\",\"state\":{\"file\":\"项目/18-战略视图迭代/18E-GTD夹子/18E1-下一步代办事项清单文件夹/下一步代办的liner chain/ATOM@002- 做三明治.md\",\"mode\":\"preview\",\"backlinks\":true,\"source\":false}}",
                  "eState": "{\"scroll\":0}"
                },
                {
                  "title": "编号列表3",
                  "icon": "lucide-file",
                  "state": "{\"type\":\"markdown\",\"state\":{\"file\":\"项目/18-战略视图迭代/18E-GTD夹子/18E1-下一步代办事项清单文件夹/下一步代办的liner chain/编号列表3.md\",\"mode\":\"preview\",\"backlinks\":true,\"source\":false}}",
                  "eState": "{}"
                }
              ]
            },
            "state": {
              "type": "markdown",
              "state": {
                "file": "项目/18-战略视图迭代/18E-GTD夹子/18E1-下一步代办事项清单文件夹/下一步代办的liner chain/ATOM@002A- null.md",
                "mode": "preview",
                "backlinks": true,
                "source": false
              }
            }
          },
          {
            "id": "29ba04b13743d2e6",
            "type": "leaf",
            "pane-relief:history-v1": {
              "pos": 0,
              "stack": [
                {
                  "state": "{}",
                  "eState": "{}"
                }
              ]
            },
            "state": {
              "type": "tag",
              "state": {
                "sortOrder": "frequency",
                "useHierarchy": true
              }
            }
          },
          {
            "id": "54f4695102f956fe",
            "type": "leaf",
            "pane-relief:history-v1": {
              "pos": 0,
              "stack": [
                {
                  "state": "{}",
                  "eState": "{}"
                }
              ]
            },
            "state": {
              "type": "all-properties",
              "state": {
                "sortOrder": "frequency",
                "showSearch": false,
                "searchQuery": ""
              }
            }
          },
          {
            "id": "b3849825fe822734",
            "type": "leaf",
            "pane-relief:history-v1": {
              "pos": 0,
              "stack": [
                {
                  "state": "{}",
                  "eState": "{}"
                }
              ]
            },
            "state": {
              "type": "backlink",
              "state": {
                "file": "项目/18-战略视图迭代/18E-GTD夹子/18E1-下一步代办事项清单文件夹/下一步代办的liner chain/ATOM@001- 介绍：ATOM这个列表是偏向待办事项的列表.md",
                "collapseAll": true,
                "extraContext": false,
                "sortOrder": "alphabetical",
                "showSearch": false,
                "searchQuery": "",
                "backlinkCollapsed": false,
                "unlinkedCollapsed": true
              }
            }
          },
          {
            "id": "a7f24ea218053bf7",
            "type": "leaf",
            "pane-relief:history-v1": {
              "pos": 0,
              "stack": [
                {
                  "state": "{}",
                  "eState": "{}"
                }
              ]
            },
            "state": {
              "type": "outgoing-link",
              "state": {
                "file": "项目/18-战略视图迭代/18E-GTD夹子/18E1-下一步代办事项清单文件夹/下一步代办的liner chain/ATOM@001- 介绍：ATOM这个列表是偏向待办事项的列表.md",
                "linksCollapsed": false,
                "unlinkedCollapsed": true
              }
            }
          },
          {
            "id": "ac640b9a2b5b97f6",
            "type": "leaf",
            "pane-relief:history-v1": {
              "pos": 0,
              "stack": [
                {
                  "state": "{}",
                  "eState": "{}"
                }
              ]
            },
            "state": {
              "type": "outline",
              "state": {
                "file": "项目/18-战略视图迭代/18E-GTD夹子/18E1-下一步代办事项清单文件夹/下一步代办的liner chain/ATOM@001- 介绍：ATOM这个列表是偏向待办事项的列表.md"
              }
            }
          },
          {
            "id": "6b6219cb61dd50a2",
            "type": "leaf",
            "pane-relief:history-v1": {
              "pos": 0,
              "stack": [
                {
                  "state": "{}",
                  "eState": "{}"
                }
              ]
            },
            "state": {
              "type": "calendar",
              "state": {}
            }
          }
        ]
      }
    ],
    "direction": "horizontal",
    "width": 582.5
  },
  "left-ribbon": {
    "hiddenItems": {
      "templates:插入模板": false,
      "templater-obsidian:Templater": false,
      "graph:查看关系图谱": false,
      "canvas:新建白板": false,
      "daily-notes:打开/创建今天的日记": false,
      "command-palette:打开命令面板": false,
      "markdown-importer:打开 Markdown 格式转换器": false,
      "zk-prefixer:创建时间戳笔记": false,
      "workspaces:管理工作区布局": false,
      "switcher:打开快速切换": false,
      "obsidian-excalidraw-plugin:新建绘图文件": false,
      "outliner-md:New outliner file": false,
      "file-tree-alternative:File Tree Alternative Plugin": false,
      "table-editor-obsidian:Advanced Tables Toolbar": false,
      "obsidian42-brat:BRAT": false,
      "cmdr:在系统资源管理器中显示": false,
      "cmdr:书签: 书签……": false,
      "cmdr:Iconize: Set icon for file": false,
      "cmdr:Templater: Insert templater/左右边栏.md": false,
      "cmdr:Vertical Tabs: Open vertical tabs": false,
      "cmdr:书签: 显示书签": false,
      "cmdr:Templater: Insert templater/scroll_to_hash atom.md": false,
      "cmdr:Templater: Insert templater/当前ATOM哈希.md": false,
      "cmdr:资料": false,
      "cmdr:Templater: Insert templater/scroll当前笔记.md": false,
      "cmdr:笔记+1": false
    }
  },
  "active": "027fc499576cc7f1",
  "lastOpenFiles": [
    "项目/18-战略视图迭代/18E-GTD夹子/18E1-下一步代办事项清单文件夹/下一步代办的liner chain/ATOM@002A- null.md",
    "项目/18-战略视图迭代/18E-GTD夹子/18E1-下一步代办事项清单文件夹/下一步代办的liner chain/ATOM@002- 做三明治.md",
    "项目/18-战略视图迭代/18E-GTD夹子/18E1-下一步代办事项清单文件夹/下一步代办的liner chain/编号列表3.md",
    "项目/18-战略视图迭代/18E-GTD夹子/18E1-下一步代办事项清单文件夹/下一步代办的liner chain/ATOM@001- 介绍：ATOM这个列表是偏向待办事项的列表.md",
    "项目/18-战略视图迭代/18E-GTD夹子/18E1-下一步代办事项清单文件夹/下一步代办的liner chain/ATOM@003- 云端花园的建设.md",
    "项目/18-战略视图迭代/18E-GTD夹子/18E1-下一步代办事项清单文件夹/下一步代办的liner chain/关键词——H.md",
    "测试用的文件夹/测试用的笔记.md",
    "templater/create_similar_note.md",
    "412542dbb1208403bbf22f4870c2e1c.jpg",
    "attachments",
    "新建文件夹",
    "1571a1dea7a17a5eaa7af145e59a9f1.jpg",
    "86f680293540eaf1387dc7d5160693b.jpg",
    "项目/18-战略视图迭代/18E-GTD夹子/18E1-下一步代办事项清单文件夹/下一步代办的liner chain/三明治配方选择.md",
    "项目/18-战略视图迭代/18E-GTD夹子/18E1-下一步代办事项清单文件夹/下一步代办的liner chain/三明治配方选择 2024-04-04 10.19.34.excalidraw.md",
    "项目/18-战略视图迭代/18E-GTD夹子/18E1-下一步代办事项清单文件夹/下一步代办的liner chain/ATOM@999A.005- 霍尼，斯飞发邮件问问flash，和ram的件号的问题.md",
    "项目/18-战略视图迭代/18E-GTD夹子/18E1-下一步代办事项清单文件夹/下一步代办的liner chain/关键词——M.md",
    "项目/18-战略视图迭代/18E-GTD夹子/18E1-下一步代办事项清单文件夹/下一步代办的liner chain/关键词——K.md",
    "项目/18-战略视图迭代/18E-GTD夹子/18E1-下一步代办事项清单文件夹/下一步代办的liner chain/关键词——G.md",
    "项目/18-战略视图迭代/18E-GTD夹子/18E1-下一步代办事项清单文件夹/下一步代办的liner chain/ZL@001A- ZL这个列表专注于做资料归纳的，比如事件记录，人事物理.md",
    "项目/18-战略视图迭代/18E-GTD夹子/18E1-下一步代办事项清单文件夹/下一步代办的liner chain/ZL@010B002- 快速启动工作，组件，零秒思考A4纸书写的方式，以及列清单启发自己待办，计时时间流逝.md",
    "项目/18-战略视图迭代/18E-GTD夹子/18E1-下一步代办事项清单文件夹/下一步代办的liner chain/ATOM@999A.003- UTC的邮件注册问题.md",
    "项目/18-战略视图迭代/18E-GTD夹子/18E1-下一步代办事项清单文件夹/下一步代办的liner chain/ATOM@999N- 跟陈瑞武联系这个情况，之前就是发陈瑞武的邮件，确认的ATEC7当前的状态.md",
    "项目/18-战略视图迭代/18E-GTD夹子/18E1-下一步代办事项清单文件夹/下一步代办的liner chain/关键词——F.md",
    "项目/18-战略视图迭代/18E-GTD夹子/18E1-下一步代办事项清单文件夹/下一步代办的liner chain/ATOM@017A001A001A001A003A- 汇报各个项目推进的情况.md",
    "项目/18-战略视图迭代/18E-GTD夹子/18E1-下一步代办事项清单文件夹/下一步代办的liner chain/ATOM@025A001A- 建立考勤的文件夹也需要，管理自己以前的月报总结半年总结的文件啥的.md",
    "项目/18-战略视图迭代/18E-GTD夹子/18E1-下一步代办事项清单文件夹/下一步代办的liner chain/未命名 15.md",
    "项目/18-战略视图迭代/18E-GTD夹子/18E1-下一步代办事项清单文件夹/下一步代办的liner chain/20240626_093217-m4a-encoded.mp3.md",
    "项目/18-战略视图迭代/18E-GTD夹子/18E1-下一步代办事项清单文件夹/下一步代办的liner chain/ZL@008A002A020G- FAA来检查之前的的一系列捋顺.md",
    "测试用的文件夹/B.md",
    "测试用的文件夹/A.md",
    "项目/35-给日程安排的文件夹/35C-日记的文件夹",
    "项目/35-给日程安排的文件夹",
    "ATOM@008B001@C007- 索引更多是进行指引的部分，而不是承载了很多的信息内容的部分，所以如果索引的内容篇幅过多，那么应当去编号列表当中进行编写的 (167)",
    "attachments/Pasted Image 20240914140545_972.jpg",
    "attachments/Pasted Image 20240914140159_861.png",
    "attachments/Pasted Image 20240911134033_384.png",
    "attachments/Pasted Image 20240911133700_629.png",
    "attachments/Pasted Image 20240911131356_577.png",
    "attachments/Pasted Image 20240911131244_238.png",
    "attachments/Pasted Image 20240911130902_061.png",
    "项目/25-了解项目/25A-改版的/25A2- 9月份改版的一批手册/RP雷达处理器",
    "项目/25-了解项目/25A-改版的/25A2- 9月份改版的一批手册",
    "attachments/~$前存在的问题.docx",
    "attachments/当前存在的问题.docx",
    "attachments/各个项目推进的情况.docx"
  ]
}