{
  "main": {
    "id": "1b1cffd9e86292c4",
    "type": "split",
    "children": [
      {
        "id": "c0e06559164578c0",
        "type": "tabs",
        "children": [
          {
            "id": "868466b350a6042b",
            "type": "leaf",
            "pane-relief:history-v1": {
              "pos": 0,
              "stack": [
                {
                  "state": "{}",
                  "eState": "{}"
                }
              ]
            },
            "pinned": true,
            "state": {
              "type": "markdown",
              "state": {
                "file": "项目/18-战略视图迭代/18E-GTD夹子/18E1-下一步代办事项清单文件夹/下一步代办的liner chain/索引卡.md",
                "mode": "source",
                "backlinks": true,
                "source": false
              },
              "pinned": true
            }
          },
          {
            "id": "1a38b254a7ef2586",
            "type": "leaf",
            "pane-relief:history-v1": {
              "pos": 0,
              "stack": [
                {
                  "state": "{}",
                  "eState": "{}"
                }
              ]
            },
            "pinned": true,
            "state": {
              "type": "markdown",
              "state": {
                "file": "项目/18-战略视图迭代/18E-GTD夹子/18E1-下一步代办事项清单文件夹/下一步代办的liner chain/ATOM@001- 本库的树形图.md",
                "mode": "source",
                "backlinks": true,
                "source": false
              },
              "pinned": true
            }
          },
          {
            "id": "c42bdf7c63a5254a",
            "type": "leaf",
            "pane-relief:history-v1": {
              "pos": 0,
              "stack": [
                {
                  "state": "{}",
                  "eState": "{}"
                }
              ]
            },
            "pinned": true,
            "state": {
              "type": "markdown",
              "state": {
                "file": "项目/18-战略视图迭代/18E-GTD夹子/18E1-下一步代办事项清单文件夹/下一步代办的liner chain/做日计划的supermemoplan.md",
                "mode": "preview",
                "backlinks": true,
                "source": false
              },
              "pinned": true
            }
          },
          {
            "id": "539d86ef0ded005b",
            "type": "leaf",
            "pane-relief:history-v1": {
              "pos": 0,
              "stack": [
                {
                  "state": "{}",
                  "eState": "{}"
                }
              ]
            },
            "pinned": true,
            "state": {
              "type": "markdown",
              "state": {
                "file": "项目/18-战略视图迭代/18E-GTD夹子/18E1-下一步代办事项清单文件夹/下一步代办的liner chain/mermaid画图的.md",
                "mode": "preview",
                "backlinks": true,
                "source": true
              },
              "pinned": true
            }
          }
        ],
        "currentTab": 1
      }
    ],
    "direction": "vertical"
  },
  "left": {
    "id": "671a2780b75ae3ff",
    "type": "split",
    "children": [
      {
        "id": "7c9a83f33c1f104c",
        "type": "tabs",
        "children": [
          {
            "id": "45ad3751bbe74b32",
            "type": "leaf",
            "pane-relief:history-v1": {
              "pos": 0,
              "stack": [
                {
                  "state": "{}",
                  "eState": "{}"
                }
              ]
            },
            "state": {
              "type": "file-explorer",
              "state": {
                "sortOrder": "alphabetical"
              }
            }
          },
          {
            "id": "29339b96bd5c8a81",
            "type": "leaf",
            "pane-relief:history-v1": {
              "pos": 0,
              "stack": [
                {
                  "state": "{}",
                  "eState": "{}"
                }
              ]
            },
            "state": {
              "type": "search",
              "state": {
                "query": "",
                "matchingCase": false,
                "explainSearch": false,
                "collapseAll": true,
                "extraContext": false,
                "sortOrder": "byModifiedTime"
              }
            }
          },
          {
            "id": "21c65600d9ad3bf7",
            "type": "leaf",
            "pane-relief:history-v1": {
              "pos": 0,
              "stack": [
                {
                  "state": "{}",
                  "eState": "{}"
                }
              ]
            },
            "state": {
              "type": "recent-files",
              "state": {}
            }
          },
          {
            "id": "a3014ec2d4c92a0f",
            "type": "leaf",
            "pane-relief:history-v1": {
              "pos": 0,
              "stack": [
                {
                  "state": "{}",
                  "eState": "{}"
                }
              ]
            },
            "state": {
              "type": "file-tree-view",
              "state": {}
            }
          },
          {
            "id": "42b8e08b0e3fbe53",
            "type": "leaf",
            "pane-relief:history-v1": {
              "pos": 0,
              "stack": [
                {
                  "state": "{}",
                  "eState": "{}"
                }
              ]
            },
            "state": {
              "type": "bookmarks",
              "state": {}
            }
          },
          {
            "id": "65d94be9575fd52d",
            "type": "leaf",
            "pane-relief:history-v1": {
              "pos": 0,
              "stack": [
                {
                  "state": "{}",
                  "eState": "{}"
                }
              ]
            },
            "pinned": true,
            "state": {
              "type": "markdown",
              "state": {
                "file": "项目/18-战略视图迭代/18E-GTD夹子/18E1-下一步代办事项清单文件夹/下一步代办的liner chain/最新版索引卡.md",
                "mode": "preview",
                "backlinks": true,
                "source": false
              },
              "pinned": true
            }
          }
        ],
        "currentTab": 3
      }
    ],
    "direction": "horizontal",
    "width": 288.5,
    "collapsed": true
  },
  "right": {
    "id": "99c2927b20fa72b0",
    "type": "split",
    "children": [
      {
        "id": "269af29495f17359",
        "type": "tabs",
        "children": [
          {
            "id": "96257ee42d5a33ec",
            "type": "leaf",
            "pane-relief:history-v1": {
              "pos": 0,
              "stack": [
                {
                  "state": "{}",
                  "eState": "{}"
                }
              ]
            },
            "pinned": true,
            "state": {
              "type": "markdown",
              "state": {
                "file": "项目/18-战略视图迭代/18E-GTD夹子/18E1-下一步代办事项清单文件夹/下一步代办的liner chain/ATOM视图啦.md",
                "mode": "source",
                "backlinks": true,
                "source": false
              },
              "pinned": true
            }
          },
          {
            "id": "29ba04b13743d2e6",
            "type": "leaf",
            "pane-relief:history-v1": {
              "pos": 0,
              "stack": [
                {
                  "state": "{}",
                  "eState": "{}"
                }
              ]
            },
            "state": {
              "type": "tag",
              "state": {
                "sortOrder": "frequency",
                "useHierarchy": true
              }
            }
          },
          {
            "id": "54f4695102f956fe",
            "type": "leaf",
            "pane-relief:history-v1": {
              "pos": 0,
              "stack": [
                {
                  "state": "{}",
                  "eState": "{}"
                }
              ]
            },
            "state": {
              "type": "all-properties",
              "state": {
                "sortOrder": "frequency",
                "showSearch": false,
                "searchQuery": ""
              }
            }
          },
          {
            "id": "b3849825fe822734",
            "type": "leaf",
            "pane-relief:history-v1": {
              "pos": 0,
              "stack": [
                {
                  "state": "{}",
                  "eState": "{}"
                }
              ]
            },
            "state": {
              "type": "backlink",
              "state": {
                "file": "项目/18-战略视图迭代/18E-GTD夹子/18E1-下一步代办事项清单文件夹/下一步代办的liner chain/ATOM@001- 本库的树形图.md",
                "collapseAll": true,
                "extraContext": false,
                "sortOrder": "alphabetical",
                "showSearch": false,
                "searchQuery": "",
                "backlinkCollapsed": false,
                "unlinkedCollapsed": true
              }
            }
          },
          {
            "id": "a7f24ea218053bf7",
            "type": "leaf",
            "pane-relief:history-v1": {
              "pos": 0,
              "stack": [
                {
                  "state": "{}",
                  "eState": "{}"
                }
              ]
            },
            "state": {
              "type": "outgoing-link",
              "state": {
                "file": "项目/18-战略视图迭代/18E-GTD夹子/18E1-下一步代办事项清单文件夹/下一步代办的liner chain/ATOM@001- 本库的树形图.md",
                "linksCollapsed": false,
                "unlinkedCollapsed": true
              }
            }
          },
          {
            "id": "ac640b9a2b5b97f6",
            "type": "leaf",
            "pane-relief:history-v1": {
              "pos": 0,
              "stack": [
                {
                  "state": "{}",
                  "eState": "{}"
                }
              ]
            },
            "state": {
              "type": "outline",
              "state": {
                "file": "项目/18-战略视图迭代/18E-GTD夹子/18E1-下一步代办事项清单文件夹/下一步代办的liner chain/ATOM@001- 本库的树形图.md"
              }
            }
          },
          {
            "id": "6b6219cb61dd50a2",
            "type": "leaf",
            "pane-relief:history-v1": {
              "pos": 0,
              "stack": [
                {
                  "state": "{}",
                  "eState": "{}"
                }
              ]
            },
            "state": {
              "type": "calendar",
              "state": {}
            }
          }
        ]
      }
    ],
    "direction": "horizontal",
    "width": 582.5
  },
  "left-ribbon": {
    "hiddenItems": {
      "templates:插入模板": false,
      "graph:查看关系图谱": false,
      "canvas:新建白板": false,
      "daily-notes:打开/创建今天的日记": false,
      "command-palette:打开命令面板": false,
      "markdown-importer:打开 Markdown 格式转换器": false,
      "zk-prefixer:创建时间戳笔记": false,
      "workspaces:管理工作区布局": false,
      "switcher:打开快速切换": false,
      "obsidian42-brat:BRAT": false,
      "obsidian-excalidraw-plugin:新建绘图文件": false,
      "outliner-md:New outliner file": false,
      "templater-obsidian:Templater": false,
      "file-tree-alternative:File Tree Alternative Plugin": false,
      "cmdr:在系统资源管理器中显示": false,
      "cmdr:笔记+1": false,
      "cmdr:Templater: Insert templater/scroll当前笔记.md": false
    }
  },
  "active": "1a38b254a7ef2586",
  "lastOpenFiles": [
    "项目/18-战略视图迭代/18E-GTD夹子/18E1-下一步代办事项清单文件夹/下一步代办的liner chain/索引卡.md",
    "项目/18-战略视图迭代/18E-GTD夹子/18E1-下一步代办事项清单文件夹/下一步代办的liner chain/ATOM@001- 本库的树形图.md",
    "项目/18-战略视图迭代/18E-GTD夹子/18E1-下一步代办事项清单文件夹/下一步代办的liner chain/做日计划的supermemoplan.md",
    "项目/18-战略视图迭代/18E-GTD夹子/18E1-下一步代办事项清单文件夹/下一步代办的liner chain/mermaid画图的.md",
    "项目/18-战略视图迭代/18E-GTD夹子/18E1-下一步代办事项清单文件夹/下一步代办的liner chain/ATOM视图啦.md",
    "项目/18-战略视图迭代/18E-GTD夹子/18E1-下一步代办事项清单文件夹/下一步代办的liner chain/ATOM@027F.004.008.007- 下一步待办事项，经过启发的.md",
    "项目/18-战略视图迭代/18E-GTD夹子/18E1-下一步代办事项清单文件夹/下一步代办的liner chain/ATOM@027F.004.008.007+001- 画子图的方法是使用加号.md",
    "项目/18-战略视图迭代/18E-GTD夹子/18E1-下一步代办事项清单文件夹/下一步代办的liner chain/ATOM@027F.004.008.007.001- 示意节点.md",
    "项目/18-战略视图迭代/18E-GTD夹子/18E1-下一步代办事项清单文件夹/下一步代办的liner chain/ATOM@027F.004.001- 运动与健康.md",
    "项目/18-战略视图迭代/18E-GTD夹子/18E1-下一步代办事项清单文件夹/下一步代办的liner chain/ATOM@003- 云端花园的建设.md",
    "components/view/mermaid视图.components",
    "项目/18-战略视图迭代/18E-GTD夹子/18E1-下一步代办事项清单文件夹/下一步代办的liner chain/ATOM@028A002.002- 做好说明和展示.md",
    "项目/18-战略视图迭代/18E-GTD夹子/18E1-下一步代办事项清单文件夹/下一步代办的liner chain/ATOM@028A002.002.001- 首先是待办事项，项目的实施过程.md",
    "项目/18-战略视图迭代/18E-GTD夹子/18E1-下一步代办事项清单文件夹/下一步代办的liner chain/ATOM@028A002.002.002- 其次是高层级愿景的实施过程.md",
    "项目/18-战略视图迭代/18E-GTD夹子/18E1-下一步代办事项清单文件夹/下一步代办的liner chain/ATOM@028A002.002.003- 使用过程说明，一次工作流程展开的方法.md",
    "项目/18-战略视图迭代/18E-GTD夹子/18E1-下一步代办事项清单文件夹/下一步代办的liner chain/ATOM@028A002- ··X最新的+项目+待办组二··.md",
    "项目/18-战略视图迭代/18E-GTD夹子/18E1-下一步代办事项清单文件夹/下一步代办的liner chain/ATOM@028A002.001- 做好示例库.md",
    "项目/18-战略视图迭代/18E-GTD夹子/18E1-下一步代办事项清单文件夹/下一步代办的liner chain/ATOM@028B002- ··X最新的+项目+项目列表+组二··这个的大图都在第二大图.md",
    "项目/18-战略视图迭代/18E-GTD夹子/18E1-下一步代办事项清单文件夹/下一步代办的liner chain/ATOM@028A003- 待办组三.md",
    "项目/18-战略视图迭代/18E-GTD夹子/18E1-下一步代办事项清单文件夹/下一步代办的liner chain/ATOM@028A003.001- 羽毛球的精进.md",
    "项目/18-战略视图迭代/18E-GTD夹子/18E1-下一步代办事项清单文件夹/下一步代办的liner chain/ATOM@027F.004- 绘制一个我认为的，··Y愿景，高层次··来看事情的，路线战略.md",
    "项目/18-战略视图迭代/18E-GTD夹子/18E1-下一步代办事项清单文件夹/下一步代办的liner chain/ATOM@027F.004.002- 技能提升.md",
    "项目/18-战略视图迭代/18E-GTD夹子/18E1-下一步代办事项清单文件夹/下一步代办的liner chain/ATOM@027F.004.003- 人际关系.md",
    "项目/18-战略视图迭代/18E-GTD夹子/18E1-下一步代办事项清单文件夹/下一步代办的liner chain/ATOM@027F.004.005- 分类：书单.md",
    "项目/18-战略视图迭代/18E-GTD夹子/18E1-下一步代办事项清单文件夹/下一步代办的liner chain/ATOM@028A002.002+001- 结合实际例子.md",
    "项目/18-战略视图迭代/18E-GTD夹子/18E1-下一步代办事项清单文件夹/下一步代办的liner chain/ATOM@028A002.002+001.001- 读书的例子.md",
    "项目/18-战略视图迭代/18E-GTD夹子/18E1-下一步代办事项清单文件夹/下一步代办的liner chain/ATOM@027F.004.002.001- 关于AI.md",
    "components/view/未命名.components",
    "components/view",
    "components",
    "项目/18-战略视图迭代/18E-GTD夹子/18E1-下一步代办事项清单文件夹/下一步代办的liner chain/ATOM@002A001- null.md.nssyncsc",
    "412542dbb1208403bbf22f4870c2e1c.jpg",
    "attachments",
    "新建文件夹",
    "1571a1dea7a17a5eaa7af145e59a9f1.jpg",
    "86f680293540eaf1387dc7d5160693b.jpg",
    "项目/35-给日程安排的文件夹/35C-日记的文件夹",
    "项目/35-给日程安排的文件夹",
    "ATOM@008B001@C007- 索引更多是进行指引的部分，而不是承载了很多的信息内容的部分，所以如果索引的内容篇幅过多，那么应当去编号列表当中进行编写的 (167)",
    "attachments/Pasted Image 20240914140545_972.jpg",
    "attachments/Pasted Image 20240914140159_861.png",
    "attachments/Pasted Image 20240911134033_384.png",
    "attachments/Pasted Image 20240911133700_629.png",
    "attachments/Pasted Image 20240911131356_577.png",
    "attachments/Pasted Image 20240911131244_238.png",
    "attachments/Pasted Image 20240911130902_061.png"
  ]
}