{
  "items": [
    {
      "type": "group",
      "ctime": 1721736888448,
      "items": [
        {
          "type": "group",
          "ctime": 1722855296201,
          "items": [
            {
              "type": "file",
              "ctime": 1722844042811,
              "path": "项目/18-战略视图迭代/18E-GTD夹子/18E1-下一步代办事项清单文件夹/下一步代办的liner chain/做项目管理看这里.md"
            },
            {
              "type": "file",
              "ctime": 1722855289483,
              "path": "项目/18-战略视图迭代/18E-GTD夹子/18E1-下一步代办事项清单文件夹/下一步代办的liner chain/按场景进行分的.md"
            },
            {
              "type": "file",
              "ctime": 1722855438910,
              "path": "项目/18-战略视图迭代/18E-GTD夹子/18E1-下一步代办事项清单文件夹/下一步代办的liner chain/排序的视图.md"
            },
            {
              "type": "file",
              "ctime": 1722855915366,
              "path": "项目/18-战略视图迭代/18E-GTD夹子/18E1-下一步代办事项清单文件夹/下一步代办的liner chain/编辑情报的部分.md"
            }
          ],
          "title": "任务的视图"
        },
        {
          "type": "file",
          "ctime": 1721717624067,
          "path": "项目/21-学习型项目，人事物理高效学习，问问题/parent节点/ATOM- 原子化行动提示.md"
        },
        {
          "type": "file",
          "ctime": 1721736872169,
          "path": "项目/18-战略视图迭代/18E-GTD夹子/18E1-下一步代办事项清单文件夹/下一步代办的liner chain/ATOM 了我日常需要看的表格.md"
        },
        {
          "type": "file",
          "ctime": 1721736936092,
          "path": "项目/21-学习型项目，人事物理高效学习，问问题/parent节点/ATOM 未，跟ASAP来对比，同源.md"
        },
        {
          "type": "file",
          "ctime": 1721736961254,
          "path": "项目/30-人事物理/我自己的资料库/ZL -资料.md"
        },
        {
          "type": "file",
          "ctime": 1721737379414,
          "path": "项目/21-学习型项目，人事物理高效学习，问问题/parent节点/ASAP-项目清单.md"
        },
        {
          "type": "file",
          "ctime": 1722231511614,
          "path": "项目/21-学习型项目，人事物理高效学习，问问题/parent节点/0000000-询问语句.md"
        },
        {
          "type": "file",
          "ctime": 1722768206718,
          "path": "项目/18-战略视图迭代/18E-GTD夹子/18E1-下一步代办事项清单文件夹/下一步代办的liner chain/编号列表.md"
        },
        {
          "type": "file",
          "ctime": 1723091105554,
          "path": "项目/18-战略视图迭代/18E-GTD夹子/18E1-下一步代办事项清单文件夹/下一步代办的liner chain/编号列表无色版.md"
        },
        {
          "type": "file",
          "ctime": 1723895558912,
          "path": "项目/18-战略视图迭代/18E-GTD夹子/18E1-下一步代办事项清单文件夹/下一步代办的liner chain/编号列表2.md"
        },
        {
          "type": "file",
          "ctime": 1726123960638,
          "path": "项目/18-战略视图迭代/18E-GTD夹子/18E1-下一步代办事项清单文件夹/下一步代办的liner chain/编号列表3.md"
        }
      ],
      "title": "GTD系列"
    },
    {
      "type": "group",
      "ctime": 1722993538182,
      "items": [
        {
          "type": "group",
          "ctime": 1722440297938,
          "items": [
            {
              "type": "file",
              "ctime": 1722909535459,
              "path": "项目/18-战略视图迭代/18E-GTD夹子/18E1-下一步代办事项清单文件夹/下一步代办的liner chain/索引——字母顺序，关键词，这里也可以quote索引的note吧.md"
            },
            {
              "type": "file",
              "ctime": 1722910904313,
              "path": "项目/18-战略视图迭代/18E-GTD夹子/18E1-下一步代办事项清单文件夹/下一步代办的liner chain/索引页——杂项.md"
            },
            {
              "type": "file",
              "ctime": 1723598050579,
              "path": "项目/18-战略视图迭代/18E-GTD夹子/18E1-下一步代办事项清单文件夹/下一步代办的liner chain/关键词——A.md"
            },
            {
              "type": "file",
              "ctime": 1723598127047,
              "path": "项目/18-战略视图迭代/18E-GTD夹子/18E1-下一步代办事项清单文件夹/下一步代办的liner chain/关键词——B.md"
            },
            {
              "type": "file",
              "ctime": 1723598167389,
              "path": "项目/18-战略视图迭代/18E-GTD夹子/18E1-下一步代办事项清单文件夹/下一步代办的liner chain/关键词——C.md"
            },
            {
              "type": "file",
              "ctime": 1723598215358,
              "path": "项目/18-战略视图迭代/18E-GTD夹子/18E1-下一步代办事项清单文件夹/下一步代办的liner chain/关键词——D.md"
            },
            {
              "type": "file",
              "ctime": 1723598309042,
              "path": "项目/18-战略视图迭代/18E-GTD夹子/18E1-下一步代办事项清单文件夹/下一步代办的liner chain/关键词——F.md"
            },
            {
              "type": "file",
              "ctime": 1723598566034,
              "path": "项目/18-战略视图迭代/18E-GTD夹子/18E1-下一步代办事项清单文件夹/下一步代办的liner chain/关键词——G.md"
            },
            {
              "type": "file",
              "ctime": 1723601871233,
              "path": "项目/18-战略视图迭代/18E-GTD夹子/18E1-下一步代办事项清单文件夹/下一步代办的liner chain/关键词——H.md"
            },
            {
              "type": "file",
              "ctime": 1723601846401,
              "path": "项目/18-战略视图迭代/18E-GTD夹子/18E1-下一步代办事项清单文件夹/下一步代办的liner chain/关键词——J.md"
            },
            {
              "type": "file",
              "ctime": 1724135437351,
              "path": "项目/18-战略视图迭代/18E-GTD夹子/18E1-下一步代办事项清单文件夹/下一步代办的liner chain/关键词——K.md"
            },
            {
              "type": "file",
              "ctime": 1723598523627,
              "path": "项目/18-战略视图迭代/18E-GTD夹子/18E1-下一步代办事项清单文件夹/下一步代办的liner chain/关键词——L.md"
            },
            {
              "type": "file",
              "ctime": 1723601651949,
              "path": "项目/18-战略视图迭代/18E-GTD夹子/18E1-下一步代办事项清单文件夹/下一步代办的liner chain/关键词——M.md"
            },
            {
              "type": "file",
              "ctime": 1724135223712,
              "path": "项目/18-战略视图迭代/18E-GTD夹子/18E1-下一步代办事项清单文件夹/下一步代办的liner chain/关键词——N.md"
            },
            {
              "type": "file",
              "ctime": 1724296454521,
              "path": "项目/18-战略视图迭代/18E-GTD夹子/18E1-下一步代办事项清单文件夹/下一步代办的liner chain/关键词——O.md"
            },
            {
              "type": "file",
              "ctime": 1723866019307,
              "path": "项目/18-战略视图迭代/18E-GTD夹子/18E1-下一步代办事项清单文件夹/下一步代办的liner chain/关键词——P.md"
            },
            {
              "type": "file",
              "ctime": 1723866672945,
              "path": "项目/18-战略视图迭代/18E-GTD夹子/18E1-下一步代办事项清单文件夹/下一步代办的liner chain/关键词——Q.md"
            },
            {
              "type": "file",
              "ctime": 1723601701876,
              "path": "项目/18-战略视图迭代/18E-GTD夹子/18E1-下一步代办事项清单文件夹/下一步代办的liner chain/关键词——R.md"
            },
            {
              "type": "file",
              "ctime": 1723598353481,
              "path": "项目/18-战略视图迭代/18E-GTD夹子/18E1-下一步代办事项清单文件夹/下一步代办的liner chain/关键词——S.md"
            },
            {
              "type": "file",
              "ctime": 1723598661177,
              "path": "项目/18-战略视图迭代/18E-GTD夹子/18E1-下一步代办事项清单文件夹/下一步代办的liner chain/关键词——T.md"
            },
            {
              "type": "file",
              "ctime": 1723598609309,
              "path": "项目/18-战略视图迭代/18E-GTD夹子/18E1-下一步代办事项清单文件夹/下一步代办的liner chain/关键词——V.md"
            },
            {
              "type": "file",
              "ctime": 1723598480327,
              "path": "项目/18-战略视图迭代/18E-GTD夹子/18E1-下一步代办事项清单文件夹/下一步代办的liner chain/关键词——W.md"
            },
            {
              "type": "file",
              "ctime": 1723598392824,
              "path": "项目/18-战略视图迭代/18E-GTD夹子/18E1-下一步代办事项清单文件夹/下一步代办的liner chain/关键词——X.md"
            },
            {
              "type": "file",
              "ctime": 1723601778508,
              "path": "项目/18-战略视图迭代/18E-GTD夹子/18E1-下一步代办事项清单文件夹/下一步代办的liner chain/关键词——Y.md"
            },
            {
              "type": "file",
              "ctime": 1723601807203,
              "path": "项目/18-战略视图迭代/18E-GTD夹子/18E1-下一步代办事项清单文件夹/下一步代办的liner chain/关键词——Z.md"
            }
          ],
          "title": "关键词索引列表"
        },
        {
          "type": "group",
          "ctime": 1723443905340,
          "items": [
            {
              "type": "group",
              "ctime": 1723443857314,
              "items": [
                {
                  "type": "file",
                  "ctime": 1722309835974,
                  "path": "项目/18-战略视图迭代/18E-GTD夹子/18E1-下一步代办事项清单文件夹/下一步代办的liner chain/atom系列的.md"
                },
                {
                  "type": "file",
                  "ctime": 1723670328513,
                  "path": "项目/18-战略视图迭代/18E-GTD夹子/18E1-下一步代办事项清单文件夹/下一步代办的liner chain/ATEC7项目当前情况的复盘会.md"
                },
                {
                  "type": "file",
                  "ctime": 1723776499579,
                  "path": "项目/18-战略视图迭代/18E-GTD夹子/18E1-下一步代办事项清单文件夹/下一步代办的liner chain/ATEC7最新推进工作的汇总.md"
                },
                {
                  "type": "file",
                  "ctime": 1726131062816,
                  "path": "项目/18-战略视图迭代/18E-GTD夹子/18E1-下一步代办事项清单文件夹/下一步代办的liner chain/ATEC7项目.md"
                }
              ],
              "title": "A"
            },
            {
              "type": "group",
              "ctime": 1723443882757,
              "items": [
                {
                  "type": "file",
                  "ctime": 1726131646593,
                  "path": "项目/18-战略视图迭代/18E-GTD夹子/18E1-下一步代办事项清单文件夹/下一步代办的liner chain/版本管理办法.md"
                },
                {
                  "type": "file",
                  "ctime": 1726293220268,
                  "path": "项目/18-战略视图迭代/18E-GTD夹子/18E1-下一步代办事项清单文件夹/下一步代办的liner chain/标准施工.md"
                }
              ],
              "title": "B"
            },
            {
              "type": "group",
              "ctime": 1723443894725,
              "items": [
                {
                  "type": "file",
                  "ctime": 1723511274030,
                  "path": "项目/18-战略视图迭代/18E-GTD夹子/18E1-下一步代办事项清单文件夹/下一步代办的liner chain/厂家网站汇总.md"
                },
                {
                  "type": "file",
                  "ctime": 1723513662309,
                  "path": "项目/18-战略视图迭代/18E-GTD夹子/18E1-下一步代办事项清单文件夹/下一步代办的liner chain/COLLINS雷达.md"
                },
                {
                  "type": "file",
                  "ctime": 1726130986604,
                  "path": "项目/18-战略视图迭代/18E-GTD夹子/18E1-下一步代办事项清单文件夹/下一步代办的liner chain/collins雷达台子上项评估.md"
                },
                {
                  "type": "file",
                  "ctime": 1726131738103,
                  "path": "项目/18-战略视图迭代/18E-GTD夹子/18E1-下一步代办事项清单文件夹/下一步代办的liner chain/CVR 项目解决，前后始末.md"
                },
                {
                  "type": "file",
                  "ctime": 1723093272210,
                  "path": "项目/18-战略视图迭代/18E-GTD夹子/18E1-下一步代办事项清单文件夹/下一步代办的liner chain/厂家的权限.md"
                },
                {
                  "type": "file",
                  "ctime": 1723097992810,
                  "path": "项目/18-战略视图迭代/18E-GTD夹子/18E1-下一步代办事项清单文件夹/下一步代办的liner chain/CVR问题的破解.md"
                },
                {
                  "type": "file",
                  "ctime": 1726131796803,
                  "path": "项目/18-战略视图迭代/18E-GTD夹子/18E1-下一步代办事项清单文件夹/下一步代办的liner chain/超越性.md"
                },
                {
                  "type": "file",
                  "ctime": 1726289550677,
                  "path": "项目/18-战略视图迭代/18E-GTD夹子/18E1-下一步代办事项清单文件夹/下一步代办的liner chain/场景.md"
                },
                {
                  "type": "file",
                  "ctime": 1726289563679,
                  "path": "项目/18-战略视图迭代/18E-GTD夹子/18E1-下一步代办事项清单文件夹/下一步代办的liner chain/场景的幻想.md"
                },
                {
                  "type": "file",
                  "ctime": 1726382129854,
                  "path": "项目/18-战略视图迭代/18E-GTD夹子/18E1-下一步代办事项清单文件夹/下一步代办的liner chain/程序.md"
                }
              ],
              "title": "C"
            },
            {
              "type": "group",
              "ctime": 1723443894725,
              "items": [
                {
                  "type": "file",
                  "ctime": 1723534438045,
                  "path": "项目/18-战略视图迭代/18E-GTD夹子/18E1-下一步代办事项清单文件夹/下一步代办的liner chain/项目清单，当前关注内容，各条线的最新进展.md"
                },
                {
                  "type": "file",
                  "ctime": 1722992514547,
                  "path": "项目/18-战略视图迭代/18E-GTD夹子/18E1-下一步代办事项清单文件夹/下一步代办的liner chain/索引——待整理.md"
                },
                {
                  "type": "file",
                  "ctime": 1723086769032,
                  "path": "项目/18-战略视图迭代/18E-GTD夹子/18E1-下一步代办事项清单文件夹/下一步代办的liner chain/电源组件上项.md"
                },
                {
                  "type": "file",
                  "ctime": 1726131250346,
                  "path": "项目/18-战略视图迭代/18E-GTD夹子/18E1-下一步代办事项清单文件夹/下一步代办的liner chain/代用品开发.md"
                },
                {
                  "type": "file",
                  "ctime": 1726211279866,
                  "path": "项目/18-战略视图迭代/18E-GTD夹子/18E1-下一步代办事项清单文件夹/下一步代办的liner chain/定期要回顾的内容.md"
                },
                {
                  "type": "file",
                  "ctime": 1726291429642,
                  "path": "项目/18-战略视图迭代/18E-GTD夹子/18E1-下一步代办事项清单文件夹/下一步代办的liner chain/DVD的调查.md"
                },
                {
                  "type": "file",
                  "ctime": 1726298481507,
                  "path": "项目/18-战略视图迭代/18E-GTD夹子/18E1-下一步代办事项清单文件夹/下一步代办的liner chain/待办事项.md"
                },
                {
                  "type": "file",
                  "ctime": 1726298561770,
                  "path": "项目/18-战略视图迭代/18E-GTD夹子/18E1-下一步代办事项清单文件夹/下一步代办的liner chain/静定止.md"
                }
              ],
              "title": "D"
            },
            {
              "type": "group",
              "ctime": 1723443949957,
              "items": [],
              "title": "E"
            },
            {
              "type": "group",
              "ctime": 1723443957240,
              "items": [
                {
                  "type": "file",
                  "ctime": 1726131857084,
                  "path": "项目/18-战略视图迭代/18E-GTD夹子/18E1-下一步代办事项清单文件夹/下一步代办的liner chain/FAA.md"
                },
                {
                  "type": "file",
                  "ctime": 1726322634238,
                  "path": "项目/18-战略视图迭代/18E-GTD夹子/18E1-下一步代办事项清单文件夹/下一步代办的liner chain/分布式认知.md"
                },
                {
                  "type": "file",
                  "ctime": 1726468807373,
                  "path": "项目/18-战略视图迭代/18E-GTD夹子/18E1-下一步代办事项清单文件夹/下一步代办的liner chain/翻车.md"
                }
              ],
              "title": "F"
            },
            {
              "type": "group",
              "ctime": 1723443965800,
              "items": [
                {
                  "type": "file",
                  "ctime": 1726382373924,
                  "path": "项目/18-战略视图迭代/18E-GTD夹子/18E1-下一步代办事项清单文件夹/下一步代办的liner chain/GTD系统（和笔记法contra）.md"
                },
                {
                  "type": "file",
                  "ctime": 1726382939551,
                  "path": "项目/18-战略视图迭代/18E-GTD夹子/18E1-下一步代办事项清单文件夹/下一步代办的liner chain/工程师秘辛.md"
                }
              ],
              "title": "G"
            },
            {
              "type": "group",
              "ctime": 1723443971889,
              "items": [
                {
                  "type": "file",
                  "ctime": 1723424835849,
                  "path": "项目/18-战略视图迭代/18E-GTD夹子/18E1-下一步代办事项清单文件夹/下一步代办的liner chain/生活或工作当核查清单.md",
                  "title": "索引——生活或工作当中核查清单"
                }
              ],
              "title": "H"
            },
            {
              "type": "group",
              "ctime": 1723443987060,
              "items": [],
              "title": "I"
            },
            {
              "type": "group",
              "ctime": 1723443997952,
              "items": [
                {
                  "type": "file",
                  "ctime": 1723424474236,
                  "path": "项目/18-战略视图迭代/18E-GTD夹子/18E1-下一步代办事项清单文件夹/下一步代办的liner chain/将来也许.md"
                },
                {
                  "type": "file",
                  "ctime": 1723520938341,
                  "path": "项目/18-战略视图迭代/18E-GTD夹子/18E1-下一步代办事项清单文件夹/下一步代办的liner chain/阶段计划——上项能力.md"
                },
                {
                  "type": "file",
                  "ctime": 1723520966310,
                  "path": "项目/18-战略视图迭代/18E-GTD夹子/18E1-下一步代办事项清单文件夹/下一步代办的liner chain/G-高层级，阶段目标.md"
                },
                {
                  "type": "file",
                  "ctime": 1726205585124,
                  "path": "项目/18-战略视图迭代/18E-GTD夹子/18E1-下一步代办事项清单文件夹/下一步代办的liner chain/截止日期清单.md"
                }
              ],
              "title": "J"
            },
            {
              "type": "group",
              "ctime": 1723444005824,
              "items": [
                {
                  "type": "file",
                  "ctime": 1726131912126,
                  "path": "项目/18-战略视图迭代/18E-GTD夹子/18E1-下一步代办事项清单文件夹/下一步代办的liner chain/困难.md"
                },
                {
                  "type": "file",
                  "ctime": 1726289908312,
                  "path": "项目/18-战略视图迭代/18E-GTD夹子/18E1-下一步代办事项清单文件夹/下一步代办的liner chain/领悟空性.md"
                },
                {
                  "type": "file",
                  "ctime": 1726567403733,
                  "path": "项目/18-战略视图迭代/18E-GTD夹子/18E1-下一步代办事项清单文件夹/下一步代办的liner chain/开心的事.md"
                }
              ],
              "title": "K"
            },
            {
              "type": "group",
              "ctime": 1723444013356,
              "items": [
                {
                  "type": "file",
                  "ctime": 1723516127438,
                  "path": "项目/18-战略视图迭代/18E-GTD夹子/18E1-下一步代办事项清单文件夹/下一步代办的liner chain/有必要问兰姐的事情.md"
                },
                {
                  "type": "file",
                  "ctime": 1726130596630,
                  "path": "项目/18-战略视图迭代/18E-GTD夹子/18E1-下一步代办事项清单文件夹/下一步代办的liner chain/领导以及导师.md"
                }
              ],
              "title": "L"
            },
            {
              "type": "group",
              "ctime": 1723444017133,
              "items": [
                {
                  "type": "file",
                  "ctime": 1723527268161,
                  "path": "项目/18-战略视图迭代/18E-GTD夹子/18E1-下一步代办事项清单文件夹/下一步代办的liner chain/目标.md"
                },
                {
                  "type": "file",
                  "ctime": 1726293549983,
                  "path": "项目/18-战略视图迭代/18E-GTD夹子/18E1-下一步代办事项清单文件夹/下一步代办的liner chain/谜.md"
                }
              ],
              "title": "M"
            },
            {
              "type": "group",
              "ctime": 1723444020465,
              "items": [
                {
                  "type": "file",
                  "ctime": 1723086684771,
                  "path": "项目/18-战略视图迭代/18E-GTD夹子/18E1-下一步代办事项清单文件夹/下一步代办的liner chain/N40的DMDOR.md"
                },
                {
                  "type": "file",
                  "ctime": 1726375101765,
                  "path": "项目/18-战略视图迭代/18E-GTD夹子/18E1-下一步代办事项清单文件夹/下一步代办的liner chain/NOWADAYS.md"
                }
              ],
              "title": "N"
            },
            {
              "type": "group",
              "ctime": 1723444023618,
              "items": [
                {
                  "type": "group",
                  "ctime": 1724245804177,
                  "items": [
                    {
                      "type": "file",
                      "ctime": 1724245931030,
                      "path": "项目/18-战略视图迭代/18E-GTD夹子/18E1-下一步代办事项清单文件夹/下一步代办的liner chain/ontology——修理项目的管理.md"
                    }
                  ],
                  "title": "ontology分类"
                },
                {
                  "type": "file",
                  "ctime": 1724296547095,
                  "path": "项目/18-战略视图迭代/18E-GTD夹子/18E1-下一步代办事项清单文件夹/下一步代办的liner chain/ontology汇总.md"
                }
              ],
              "title": "O"
            },
            {
              "type": "group",
              "ctime": 1723444026785,
              "items": [],
              "title": "P"
            },
            {
              "type": "group",
              "ctime": 1723444051837,
              "items": [
                {
                  "type": "file",
                  "ctime": 1726566247132,
                  "path": "项目/18-战略视图迭代/18E-GTD夹子/18E1-下一步代办事项清单文件夹/下一步代办的liner chain/亲密关系.md"
                }
              ],
              "title": "Q"
            },
            {
              "type": "group",
              "ctime": 1723444054944,
              "items": [
                {
                  "type": "file",
                  "ctime": 1722913356136,
                  "path": "项目/18-战略视图迭代/18E-GTD夹子/18E1-下一步代办事项清单文件夹/下一步代办的liner chain/和人际的内容，承诺的项.md"
                },
                {
                  "type": "file",
                  "ctime": 1723597379665,
                  "path": "项目/18-战略视图迭代/18E-GTD夹子/18E1-下一步代办事项清单文件夹/下一步代办的liner chain/RP上项的汇总.md"
                },
                {
                  "type": "file",
                  "ctime": 1726131974251,
                  "path": "项目/18-战略视图迭代/18E-GTD夹子/18E1-下一步代办事项清单文件夹/下一步代办的liner chain/和人需要交接的.md"
                },
                {
                  "type": "file",
                  "ctime": 1726132994051,
                  "path": "项目/18-战略视图迭代/18E-GTD夹子/18E1-下一步代办事项清单文件夹/下一步代办的liner chain/ATEC7的软件们.md"
                },
                {
                  "type": "file",
                  "ctime": 1726133075218,
                  "path": "项目/18-战略视图迭代/18E-GTD夹子/18E1-下一步代办事项清单文件夹/下一步代办的liner chain/人情世故.md"
                },
                {
                  "type": "file",
                  "ctime": 1726133133445,
                  "path": "项目/18-战略视图迭代/18E-GTD夹子/18E1-下一步代办事项清单文件夹/下一步代办的liner chain/车间软件管理.md"
                },
                {
                  "type": "file",
                  "ctime": 1726295516685,
                  "path": "项目/18-战略视图迭代/18E-GTD夹子/18E1-下一步代办事项清单文件夹/下一步代办的liner chain/人物传.md"
                }
              ],
              "title": "R"
            },
            {
              "type": "group",
              "ctime": 1723444057105,
              "items": [
                {
                  "type": "file",
                  "ctime": 1722910747798,
                  "path": "项目/18-战略视图迭代/18E-GTD夹子/18E1-下一步代办事项清单文件夹/下一步代办的liner chain/索引页——手册改版技巧.md"
                },
                {
                  "type": "file",
                  "ctime": 1723517424880,
                  "path": "索赔件的处理.md"
                },
                {
                  "type": "file",
                  "ctime": 1726132077415,
                  "path": "项目/18-战略视图迭代/18E-GTD夹子/18E1-下一步代办事项清单文件夹/下一步代办的liner chain/手册改版.md"
                },
                {
                  "type": "file",
                  "ctime": 1726132121135,
                  "path": "项目/18-战略视图迭代/18E-GTD夹子/18E1-下一步代办事项清单文件夹/下一步代办的liner chain/时间.md"
                },
                {
                  "type": "file",
                  "ctime": 1726132442081,
                  "path": "项目/18-战略视图迭代/18E-GTD夹子/18E1-下一步代办事项清单文件夹/下一步代办的liner chain/树.md"
                },
                {
                  "type": "file",
                  "ctime": 1726132498985,
                  "path": "项目/18-战略视图迭代/18E-GTD夹子/18E1-下一步代办事项清单文件夹/下一步代办的liner chain/索引页.md"
                },
                {
                  "type": "file",
                  "ctime": 1726323306402,
                  "path": "项目/18-战略视图迭代/18E-GTD夹子/18E1-下一步代办事项清单文件夹/下一步代办的liner chain/一段时间一评估总结.md"
                },
                {
                  "type": "file",
                  "ctime": 1726371739795,
                  "path": "项目/18-战略视图迭代/18E-GTD夹子/18E1-下一步代办事项清单文件夹/下一步代办的liner chain/睡眠，睡前.md"
                }
              ],
              "title": "S"
            },
            {
              "type": "group",
              "ctime": 1723444060378,
              "items": [
                {
                  "type": "file",
                  "ctime": 1723532874840,
                  "path": "项目/18-战略视图迭代/18E-GTD夹子/18E1-下一步代办事项清单文件夹/下一步代办的liner chain/天线底座项目（ontology收集中 ）.md"
                },
                {
                  "type": "file",
                  "ctime": 1723094521092,
                  "path": "项目/18-战略视图迭代/18E-GTD夹子/18E1-下一步代办事项清单文件夹/下一步代办的liner chain/索引——天线底座的测试的部分.md"
                },
                {
                  "type": "file",
                  "ctime": 1726203463491,
                  "path": "项目/18-战略视图迭代/18E-GTD夹子/18E1-下一步代办事项清单文件夹/下一步代办的liner chain/344059天线底座的维修能力.md"
                }
              ],
              "title": "T"
            },
            {
              "type": "group",
              "ctime": 1723444085104,
              "items": [],
              "title": "U"
            },
            {
              "type": "group",
              "ctime": 1723444088765,
              "items": [
                {
                  "type": "file",
                  "ctime": 1726134976113,
                  "path": "项目/18-战略视图迭代/18E-GTD夹子/18E1-下一步代办事项清单文件夹/下一步代办的liner chain/VOR索赔件.md"
                }
              ],
              "title": "V"
            },
            {
              "type": "group",
              "ctime": 1723444092400,
              "items": [
                {
                  "type": "file",
                  "ctime": 1726132662656,
                  "path": "项目/18-战略视图迭代/18E-GTD夹子/18E1-下一步代办事项清单文件夹/下一步代办的liner chain/文化.md"
                },
                {
                  "type": "file",
                  "ctime": 1726132671775,
                  "path": "项目/18-战略视图迭代/18E-GTD夹子/18E1-下一步代办事项清单文件夹/下一步代办的liner chain/无我.md"
                },
                {
                  "type": "file",
                  "ctime": 1726132763916,
                  "path": "项目/18-战略视图迭代/18E-GTD夹子/18E1-下一步代办事项清单文件夹/下一步代办的liner chain/文件夹.md"
                }
              ],
              "title": "W"
            },
            {
              "type": "group",
              "ctime": 1723444115308,
              "items": [
                {
                  "type": "group",
                  "ctime": 1723086487486,
                  "items": [
                    {
                      "type": "file",
                      "ctime": 1723425542337,
                      "path": "项目/18-战略视图迭代/18E-GTD夹子/18E1-下一步代办事项清单文件夹/下一步代办的liner chain/索引——812这周的工作动员.md"
                    },
                    {
                      "type": "file",
                      "ctime": 1722930848791,
                      "path": "项目/18-战略视图迭代/18E-GTD夹子/18E1-下一步代办事项清单文件夹/下一步代办的liner chain/索引——六月份手册改版需要的待办.md"
                    },
                    {
                      "type": "file",
                      "ctime": 1723007449831,
                      "path": "项目/18-战略视图迭代/18E-GTD夹子/18E1-下一步代办事项清单文件夹/下一步代办的liner chain/索引——汇总和collins需要问的问题.md"
                    },
                    {
                      "type": "file",
                      "ctime": 1722911781098,
                      "path": "项目/18-战略视图迭代/18E-GTD夹子/18E1-下一步代办事项清单文件夹/下一步代办的liner chain/索引——学习各个修理项目内容.md"
                    },
                    {
                      "type": "file",
                      "ctime": 1723086752770,
                      "path": "项目/18-战略视图迭代/18E-GTD夹子/18E1-下一步代办事项清单文件夹/下一步代办的liner chain/索引——RP上项.md"
                    },
                    {
                      "type": "file",
                      "ctime": 1723086785688,
                      "path": "项目/18-战略视图迭代/18E-GTD夹子/18E1-下一步代办事项清单文件夹/下一步代办的liner chain/索引——建立自己的文件夹.md"
                    },
                    {
                      "type": "file",
                      "ctime": 1723095181225,
                      "path": "项目/18-战略视图迭代/18E-GTD夹子/18E1-下一步代办事项清单文件夹/下一步代办的liner chain/一个VOR索赔，分析电路，设计给答复.md"
                    }
                  ],
                  "title": "做项目"
                },
                {
                  "type": "file",
                  "ctime": 1723423847494,
                  "path": "项目/18-战略视图迭代/18E-GTD夹子/18E1-下一步代办事项清单文件夹/下一步代办的liner chain/索引——最近的想法启发和思想动态的汇集.md"
                },
                {
                  "type": "file",
                  "ctime": 1723182819627,
                  "path": "项目/18-战略视图迭代/18E-GTD夹子/18E1-下一步代办事项清单文件夹/下一步代办的liner chain/可以学习的内容.md"
                },
                {
                  "type": "file",
                  "ctime": 1726132324236,
                  "path": "项目/18-战略视图迭代/18E-GTD夹子/18E1-下一步代办事项清单文件夹/下一步代办的liner chain/效能.md"
                },
                {
                  "type": "file",
                  "ctime": 1726132551134,
                  "path": "项目/18-战略视图迭代/18E-GTD夹子/18E1-下一步代办事项清单文件夹/下一步代办的liner chain/项目心得.md"
                },
                {
                  "type": "file",
                  "ctime": 1726132609020,
                  "path": "项目/18-战略视图迭代/18E-GTD夹子/18E1-下一步代办事项清单文件夹/下一步代办的liner chain/箱庭.md"
                },
                {
                  "type": "file",
                  "ctime": 1726383819108,
                  "path": "项目/18-战略视图迭代/18E-GTD夹子/18E1-下一步代办事项清单文件夹/下一步代办的liner chain/推进项目，全周期.md"
                }
              ],
              "title": "X"
            },
            {
              "type": "group",
              "ctime": 1723444123222,
              "items": [
                {
                  "type": "file",
                  "ctime": 1726134987584,
                  "path": "项目/18-战略视图迭代/18E-GTD夹子/18E1-下一步代办事项清单文件夹/下一步代办的liner chain/研究生论文.md"
                },
                {
                  "type": "file",
                  "ctime": 1726190636848,
                  "path": "项目/18-战略视图迭代/18E-GTD夹子/18E1-下一步代办事项清单文件夹/下一步代办的liner chain/疑问项.md"
                }
              ],
              "title": "Y"
            },
            {
              "type": "group",
              "ctime": 1723444126697,
              "items": [
                {
                  "type": "file",
                  "ctime": 1722440516225,
                  "path": "项目/18-战略视图迭代/18E-GTD夹子/18E1-下一步代办事项清单文件夹/下一步代办的liner chain/资料.md"
                },
                {
                  "type": "file",
                  "ctime": 1723103077832,
                  "path": "项目/29-周报内容/周报.md"
                },
                {
                  "type": "file",
                  "ctime": 1726132161842,
                  "path": "项目/18-战略视图迭代/18E-GTD夹子/18E1-下一步代办事项清单文件夹/下一步代办的liner chain/纸质版的好处.md"
                },
                {
                  "type": "file",
                  "ctime": 1726132353952,
                  "path": "项目/18-战略视图迭代/18E-GTD夹子/18E1-下一步代办事项清单文件夹/下一步代办的liner chain/早起.md"
                },
                {
                  "type": "file",
                  "ctime": 1726132848835,
                  "path": "项目/18-战略视图迭代/18E-GTD夹子/18E1-下一步代办事项清单文件夹/下一步代办的liner chain/斋戒.md"
                },
                {
                  "type": "file",
                  "ctime": 1726133684140,
                  "path": "项目/18-战略视图迭代/18E-GTD夹子/18E1-下一步代办事项清单文件夹/下一步代办的liner chain/专注于任务.md"
                },
                {
                  "type": "file",
                  "ctime": 1726275633277,
                  "path": "项目/18-战略视图迭代/18E-GTD夹子/18E1-下一步代办事项清单文件夹/下一步代办的liner chain/中秋节项目计划.md"
                },
                {
                  "type": "file",
                  "ctime": 1726290196142,
                  "path": "项目/18-战略视图迭代/18E-GTD夹子/18E1-下一步代办事项清单文件夹/下一步代办的liner chain/好状态.md"
                },
                {
                  "type": "file",
                  "ctime": 1726384754803,
                  "path": "项目/18-战略视图迭代/18E-GTD夹子/18E1-下一步代办事项清单文件夹/下一步代办的liner chain/战斗意志.md"
                },
                {
                  "type": "file",
                  "ctime": 1726567907351,
                  "path": "项目/18-战略视图迭代/18E-GTD夹子/18E1-下一步代办事项清单文件夹/下一步代办的liner chain/自下而上和自上而下.md"
                }
              ],
              "title": "Z"
            }
          ],
          "title": "字母顺序索引收集"
        },
        {
          "type": "file",
          "ctime": 1723441787043,
          "path": "项目/18-战略视图迭代/18E-GTD夹子/18E1-下一步代办事项清单文件夹/下一步代办的liner chain/索引——概念、内容的收集.md"
        }
      ],
      "title": "concept资料库"
    }
  ]
}