{
  "collapse-filter": false,
  "search": "-excalibrain -待办",
  "showTags": false,
  "showAttachments": false,
  "hideUnresolved": false,
  "showOrphans": true,
  "collapse-color-groups": false,
  "colorGroups": [
    {
      "query": "",
      "color": {
        "a": 1,
        "rgb": 14048348
      }
    }
  ],
  "collapse-display": false,
  "showArrow": false,
  "textFadeMultiplier": -0.4,
  "nodeSizeMultiplier": 0.75078125,
  "lineSizeMultiplier": 1,
  "collapse-forces": false,
  "centerStrength": 0.4375,
  "repelStrength": 9.375,
  "linkStrength": 1,
  "linkDistance": 250,
  "scale": 0.18439926290904154,
  "close": false
}