{
  "types": {
    "aliases": "aliases",
    "cssclasses": "multitext",
    "tags": "tags",
    "excalidraw-plugin": "text",
    "excalidraw-export-transparent": "checkbox",
    "excalidraw-mask": "checkbox",
    "excalidraw-export-dark": "checkbox",
    "excalidraw-export-padding": "number",
    "excalidraw-export-pngscale": "number",
    "excalidraw-link-prefix": "text",
    "excalidraw-url-prefix": "text",
    "excalidraw-link-brackets": "checkbox",
    "excalidraw-onload-script": "text",
    "excalidraw-linkbutton-opacity": "number",
    "excalidraw-default-mode": "text",
    "excalidraw-font": "text",
    "excalidraw-font-color": "text",
    "excalidraw-border-color": "text",
    "excalidraw-css": "text",
    "excalidraw-autoexport": "text",
    "excalidraw-iframe-theme": "text",
    "excalidraw-open-md": "checkbox",
    "excalidraw-export-embed-scene": "checkbox",
    "excalidraw-embeddable-theme": "text",
    "dangridepingfen": "number",
    "changjing": "multitext",
    "qidianbu": "checkbox",
    "wanchengriqi": "datetime",
    "duedate": "date",
    "renwumidu": "number",
    "zhongyaochengdu": "number",
    "atomwei": "checkbox",
    "benzhoukanguole": "checkbox",
    "yongshi": "number",
    "排序时间": "text",
    "strictlymyduedate": "date",
    "cstart": "date",
    "cend": "date",
    "gaocengji": "checkbox",
    "atomdone": "checkbox",
    "项目": "checkbox",
    "bypass": "checkbox",
    "antinet": "text",
    "索引关键词已录入": "checkbox",
    "日程日期": "date",
    "备忘录日期": "date"
  }
}