{
  "main": {
    "id": "1b1cffd9e86292c4",
    "type": "split",
    "children": [
      {
        "id": "830a8ffbe9a3fd73",
        "type": "tabs",
        "children": [
          {
            "id": "f523841accb02e3d",
            "type": "leaf",
            "pane-relief:history-v1": {
              "pos": 0,
              "stack": [
                {
                  "state": "{}",
                  "eState": "{}"
                }
              ]
            },
            "pinned": true,
            "state": {
              "type": "empty",
              "state": {},
              "pinned": true
            }
          },
          {
            "id": "a65d588616d96ef5",
            "type": "leaf",
            "pane-relief:history-v1": {
              "pos": 2,
              "stack": [
                {
                  "title": "三明治的制作食谱",
                  "icon": "lucide-file",
                  "state": "{\"type\":\"markdown\",\"state\":{\"file\":\"三明治的制作食谱.md\",\"mode\":\"source\",\"backlinks\":true,\"source\":false}}",
                  "eState": "{\"cursor\":{\"from\":{\"line\":0,\"ch\":0},\"to\":{\"line\":0,\"ch\":0}}}"
                },
                {
                  "title": "第一篇笔记",
                  "icon": "lucide-file",
                  "state": "{\"type\":\"markdown\",\"state\":{\"file\":\"notes/第一篇笔记.md\",\"mode\":\"source\",\"backlinks\":true,\"source\":false}}",
                  "eState": "{\"cursor\":{\"from\":{\"line\":8,\"ch\":0},\"to\":{\"line\":8,\"ch\":0}}}"
                },
                {
                  "state": "{}",
                  "eState": "{}"
                },
                {
                  "title": "第一篇笔记",
                  "icon": "lucide-file",
                  "state": "{\"type\":\"markdown\",\"state\":{\"file\":\"notes/第一篇笔记.md\",\"mode\":\"source\",\"backlinks\":true,\"source\":false}}",
                  "eState": "{\"cursor\":{\"from\":{\"line\":2,\"ch\":7},\"to\":{\"line\":2,\"ch\":7}}}"
                }
              ]
            },
            "state": {
              "type": "markdown",
              "state": {
                "file": "三明治的制作食谱.md",
                "mode": "source",
                "backlinks": true,
                "source": false
              }
            }
          }
        ],
        "currentTab": 1
      }
    ],
    "direction": "vertical"
  },
  "left": {
    "id": "671a2780b75ae3ff",
    "type": "split",
    "children": [
      {
        "id": "7c9a83f33c1f104c",
        "type": "tabs",
        "children": [
          {
            "id": "5508aa7307889545",
            "type": "leaf",
            "pane-relief:history-v1": {
              "pos": 0,
              "stack": [
                {
                  "state": "{}",
                  "eState": "{}"
                }
              ]
            },
            "state": {
              "type": "VIEW_TYPE_LONGFORM_EXPLORER",
              "state": {}
            }
          },
          {
            "id": "45ad3751bbe74b32",
            "type": "leaf",
            "pane-relief:history-v1": {
              "pos": 0,
              "stack": [
                {
                  "state": "{}",
                  "eState": "{}"
                }
              ]
            },
            "state": {
              "type": "file-explorer",
              "state": {
                "sortOrder": "alphabetical"
              }
            }
          },
          {
            "id": "29339b96bd5c8a81",
            "type": "leaf",
            "pane-relief:history-v1": {
              "pos": 0,
              "stack": [
                {
                  "state": "{}",
                  "eState": "{}"
                }
              ]
            },
            "state": {
              "type": "search",
              "state": {
                "query": "cend",
                "matchingCase": false,
                "explainSearch": false,
                "collapseAll": true,
                "extraContext": false,
                "sortOrder": "byModifiedTime"
              }
            }
          },
          {
            "id": "597a20a73b645e45",
            "type": "leaf",
            "pane-relief:history-v1": {
              "pos": 0,
              "stack": [
                {
                  "state": "{}",
                  "eState": "{}"
                }
              ]
            },
            "state": {
              "type": "bookmarks",
              "state": {}
            }
          },
          {
            "id": "21c65600d9ad3bf7",
            "type": "leaf",
            "pane-relief:history-v1": {
              "pos": 0,
              "stack": [
                {
                  "state": "{}",
                  "eState": "{}"
                }
              ]
            },
            "state": {
              "type": "recent-files",
              "state": {}
            }
          },
          {
            "id": "4f819b494759be8c",
            "type": "leaf",
            "pane-relief:history-v1": {
              "pos": 0,
              "stack": [
                {
                  "state": "{}",
                  "eState": "{}"
                }
              ]
            },
            "state": {
              "type": "file-tree-view",
              "state": {}
            }
          }
        ],
        "currentTab": 5
      }
    ],
    "direction": "horizontal",
    "width": 315.5
  },
  "right": {
    "id": "99c2927b20fa72b0",
    "type": "split",
    "children": [
      {
        "id": "269af29495f17359",
        "type": "tabs",
        "children": [
          {
            "id": "6b6219cb61dd50a2",
            "type": "leaf",
            "pane-relief:history-v1": {
              "pos": 0,
              "stack": [
                {
                  "state": "{}",
                  "eState": "{}"
                }
              ]
            },
            "state": {
              "type": "calendar",
              "state": {}
            }
          },
          {
            "id": "b3849825fe822734",
            "type": "leaf",
            "pane-relief:history-v1": {
              "pos": 0,
              "stack": [
                {
                  "state": "{}",
                  "eState": "{}"
                }
              ]
            },
            "state": {
              "type": "backlink",
              "state": {
                "file": "三明治的制作食谱.md",
                "collapseAll": false,
                "extraContext": false,
                "sortOrder": "alphabetical",
                "showSearch": false,
                "searchQuery": "",
                "backlinkCollapsed": false,
                "unlinkedCollapsed": true
              }
            }
          },
          {
            "id": "633ec0204a71716b",
            "type": "leaf",
            "pane-relief:history-v1": {
              "pos": 0,
              "stack": [
                {
                  "state": "{}",
                  "eState": "{}"
                }
              ]
            },
            "state": {
              "type": "outgoing-link",
              "state": {
                "file": "三明治的制作食谱.md",
                "linksCollapsed": false,
                "unlinkedCollapsed": true
              }
            }
          },
          {
            "id": "6f1563743bcfe085",
            "type": "leaf",
            "pane-relief:history-v1": {
              "pos": 0,
              "stack": [
                {
                  "state": "{}",
                  "eState": "{}"
                }
              ]
            },
            "state": {
              "type": "tag",
              "state": {
                "sortOrder": "frequency",
                "useHierarchy": true
              }
            }
          },
          {
            "id": "ac640b9a2b5b97f6",
            "type": "leaf",
            "pane-relief:history-v1": {
              "pos": 0,
              "stack": [
                {
                  "state": "{}",
                  "eState": "{}"
                }
              ]
            },
            "state": {
              "type": "outline",
              "state": {
                "file": "三明治的制作食谱.md"
              }
            }
          },
          {
            "id": "54f4695102f956fe",
            "type": "leaf",
            "pane-relief:history-v1": {
              "pos": 0,
              "stack": [
                {
                  "state": "{}",
                  "eState": "{}"
                }
              ]
            },
            "state": {
              "type": "all-properties",
              "state": {
                "sortOrder": "frequency",
                "showSearch": false,
                "searchQuery": ""
              }
            }
          },
          {
            "id": "61de585b0f66427e",
            "type": "leaf",
            "pane-relief:history-v1": {
              "pos": 0,
              "stack": [
                {
                  "state": "{}",
                  "eState": "{}"
                }
              ]
            },
            "state": {
              "type": "advanced-tables-toolbar",
              "state": {}
            }
          },
          {
            "id": "37fbc42f762d8f52",
            "type": "leaf",
            "pane-relief:history-v1": {
              "pos": 0,
              "stack": [
                {
                  "state": "{}",
                  "eState": "{}"
                }
              ]
            },
            "state": {
              "type": "BC-matrix",
              "state": {}
            }
          },
          {
            "id": "7151110462b76d35",
            "type": "leaf",
            "pane-relief:history-v1": {
              "pos": 0,
              "stack": [
                {
                  "state": "{}",
                  "eState": "{}"
                }
              ]
            },
            "state": {
              "type": "BC-ducks",
              "state": {}
            }
          },
          {
            "id": "ead8d22b3f29a884",
            "type": "leaf",
            "pane-relief:history-v1": {
              "pos": 0,
              "stack": [
                {
                  "state": "{}",
                  "eState": "{}"
                }
              ]
            },
            "state": {
              "type": "BC-tree",
              "state": {}
            }
          }
        ],
        "currentTab": 4
      }
    ],
    "direction": "horizontal",
    "width": 367.5,
    "collapsed": true
  },
  "left-ribbon": {
    "hiddenItems": {
      "switcher:打开快速切换": false,
      "graph:查看关系图谱": false,
      "canvas:新建白板": false,
      "daily-notes:打开/创建今天的日记": false,
      "templates:插入模板": false,
      "command-palette:打开命令面板": false,
      "markdown-importer:打开 Markdown 格式转换器": false,
      "zk-prefixer:创建时间戳笔记": false,
      "workspaces:管理工作区布局": false,
      "file-tree-alternative:File Tree Alternative Plugin": false,
      "obsidian-excalidraw-plugin:新建绘图文件": false,
      "cmdr:Longform: Open current note’s project": false,
      "cmdr:Longform: Jump to project": false,
      "cmdr:Longform: Open Longform pane": false,
      "cmdr:在系统资源管理器中显示": false,
      "table-editor-obsidian:Advanced Tables Toolbar": false,
      "obsidian42-brat:BRAT": false,
      "homepage:Open homepage": false,
      "outliner-md:New outliner file": false,
      "breadcrumbs:Breadcrumbs Visualisation": false,
      "templater-obsidian:Templater": false
    }
  },
  "active": "a65d588616d96ef5",
  "lastOpenFiles": [
    "notes/第一篇笔记.md",
    "项目/35-给日程安排的文件夹/35C-日记的文件夹/2024-07-14.md",
    "项目/35-给日程安排的文件夹/35C-日记的文件夹/000_坚果云闪电下载介绍.html.nssyncsc",
    "项目/35-给日程安排的文件夹/35C-日记的文件夹",
    "项目/35-给日程安排的文件夹/000_坚果云闪电下载介绍.html.nssyncsc",
    "项目/35-给日程安排的文件夹",
    "项目/000_坚果云闪电下载介绍.html.nssyncsc",
    "项目",
    "给longform的/工程文档/Index-冲突-095_Win10.md",
    "给longform的/工程文档/Index-冲突-095_Win10.md.nssyncsc",
    "给longform的/工程文档/1.下礼拜的工作.md",
    "给longform的/工程文档/1.下礼拜的工作.md.nssyncsc",
    "给longform的/工程文档/Index.md",
    "给longform的/工程文档/000_坚果云闪电下载介绍.html.nssyncsc",
    "给longform的/工程文档/Index.md.nssyncsc",
    "三明治的制作食谱.md",
    "项目/1B-系统间的数据处理/工作专注之余挂起的想法/或许我应该多去游游泳.md",
    "项目/18-战略视图迭代/18E-GTD夹子/18E1-下一步代办事项清单文件夹/下一步代办的liner chain/游泳用品.md",
    "项目/21-学习型项目，人事物理高效学习，问问题/parent节点/ATOM- 转换了的2024年7月1日新.md",
    "项目/35-给日程安排的文件夹/35C-日记的文件夹/2024-07-13.md",
    "项目/42-上手负责项目/334810电源组件项目R2A/ATOM@016@B- 进行SB评估，上官网下载，同时我是不是也得了解UTC呀.md",
    "项目/21-学习型项目，人事物理高效学习，问问题/parent节点/ATOM- 原子化行动提示.md",
    "项目/35-给日程安排的文件夹/35C-日记的文件夹/2024-07-12.md",
    "项目/18-战略视图迭代/18E-GTD夹子/18E1-下一步代办事项清单文件夹/下一步代办的liner chain/顺序.md",
    "项目/18-战略视图迭代/18E-GTD夹子/18E2-项目清单/岗位变动交接事项/ASAP@002@A- 手里面的档案袋.md",
    "项目/18-战略视图迭代/18E-GTD夹子/18E1-下一步代办事项清单文件夹/下一步代办的liner chain/未命名 5.md",
    "项目/18-战略视图迭代/18E-GTD夹子/18E1-下一步代办事项清单文件夹/下一步代办的liner chain/ATOM@006- 组织跟领导汇报的材料,跟领导沟通.更新一下章法，看看自己最近做的对不对，看看花姐了不起，还有穷查理宝典.md",
    "项目/18-战略视图迭代/18E-GTD夹子/18E1-下一步代办事项清单文件夹/下一步代办的liner chain/FAA授权相关问题，问问韩姐.md",
    "项目/18-战略视图迭代/18E-GTD夹子/18E1-下一步代办事项清单文件夹/下一步代办的liner chain/需要给研究生论文开个头了 ZYCD@19.md",
    "项目/36-附件修理培训/附件修理培训/Index.md",
    "项目/11-电路分析/电路板相关的问题/LRA测试.md",
    "项目/18-战略视图迭代/18E-GTD夹子/18E1-下一步代办事项清单文件夹/下一步代办的liner chain/写作训练营，学写邮件和说明时候的斟酌的点 ZYCD@15.md",
    "templater/测试的模板.md",
    "templater/create_similar_note.md",
    "项目/18-战略视图迭代/18E-GTD夹子/18E1-下一步代办事项清单文件夹/下一步代办的liner chain/未命名 4@001- 好烦.md",
    "attachments/Pasted image 20240713143627.png",
    "attachments/Pasted image 20240713141822.png",
    "attachments/Pasted image 20240712154340.png",
    "attachments/Pasted image 20240712150625.png",
    "attachments/Pasted Image 20240712142234_764.png",
    "attachments/Pasted Image 20240712101255_195.png",
    "attachments/Pasted Image 20240712100353_197.png",
    "attachments/Pasted Image 20240712100337_379.png",
    "attachments/Pasted Image 20240712100337_279.png",
    "attachments/Pasted Image 20240712100307_872.png"
  ]
}